01060002,新猪肉白菜包子,1.8,0101,,,,1,正常售卖
01060005,奥尔良鸡肉割包,5.5,0101,,,,2,暂下架
01060008,红枣方糕,2,0101,,,,3,删除
01060011,糯米烧卖,2,0101,,,,4,待确认（代码、品类、价格）
01060022,菌菇三鲜蒸饺,6,0101,,,,5,是否有缺品
01060026,水果玉米,3.5,0101,,,,,
01060027,香菇鸡肉饺,3.5,0101,,,,,
01060041,香菇猪肉烧麦,1.2,0101,,,,,
01060051,紫米八宝粽100g,4,0101,,,,,
01060053,卤汁烧肉粽100g,5,0101,,,,,
01060063,猪肉菌菇肉龙,3.8,0101,,,,,
01060064,万圣节南瓜奶黄包,3,0101,,,,,
01060068,菌菇三鲜蒸饺,6,0101,,,,,
01060073,圣诞老人黑芝麻包,3.8,0101,,,,,
01060074,鱼香肉丝包,3,0101,,,,,
01070001,玉米蔬菜猪肉饺,10,0101,,,,,
01070006,油条,2,0101,,,,,
01070007,煎饼果子,4.8,0101,,,,,
01070008,土豆丝卷饼,4.8,0101,,,,,
01070009,火腿鸡蛋烧饼,4,0101,,,,,
01070015,皮蛋瘦肉粥,5,0101,,,,,
01070022,莲子核桃黑米粥,4,0101,,,,,
01070053,腊八粥（新）,3.5,0101,,,,,
01070061,烤地瓜（小）,3,0101,,,,,
01070062,鸡蛋牛肉双享酥饼,6.5,0101,,,,,
01070063,萝卜丝油酥饼,4.5,0101,,,,,
01070072,韭菜鸡蛋盒子,4,0101,,,,,
01070075,芹菜猪肉水饺,9.5,0101,,,,,
01070076,腊八粥,4.5,0101,,,,,
03060008,皮蛋瘦肉粥（杯）,4.9,0101,,,,,
03060009,红豆薏米粥（杯）,4.5,0101,,,,,
03060010,南瓜粥（杯）,4,0101,,,,,
07010081,白玉原味豆浆480ml,6,0101,,,,,
07010082,白玉黑豆浆480ml,6.8,0101,,,,,
07060007,手抓饼,2.8,0101,,,,,
16030015,正康黑豆奶330ml瓶,6.5,0101,,,,,
16030303,维他原味豆奶250ml盒,3.8,0101,,,,,
16030304,维他巧克力豆奶250ml盒,3.8,0101,,,,,
16030309,正康纯豆奶330ml瓶,6.5,0101,,,,,
01050046,茶叶蛋,2,0101,,,,,
01060001,酱肉包,4,0101,,,,,
01060003,鲜肉包,2,0101,,,,,
01060006,荠菜包,2,0101,,,,,
01060007,香菇菜包,2,0101,,,,,
01060009,紫地瓜包,2.5,0101,,,,,
01060010,南瓜豆沙包,2.5,0101,,,,,
01060012,红枣窝头,1.5,0101,,,,,
01060014,鲜肉蛋黄粽120g,4.5,0101,,,,,
01060017,蜜枣甜粽120g,3.8,0101,,,,,
01060020,糯玉米,3.5,0101,,,,,
01060023,玉米蔬菜猪肉蒸饺,6,0101,,,,,
01060057,梅干菜包,2.5,0101,,,,,
01060058,三鲜菜团,2.5,0101,,,,,
01060065,老坛酸菜包,2.5,0101,,,,,
01060071,玉米蔬菜猪肉蒸饺,6,0101,,,,,
01060074,鱼香肉丝包,3,0101,,,,,
01070003,荠菜鸡蛋饺,10,0101,,,,,
01070029,白粥,2.5,0101,,,,,
01070051,烤地瓜（大）,6.5,0101,,,,,
01070067,猪肉烧饼,4.5,0101,,,,,
01070068,牛肉烧饼,5,0101,,,,,
01080001,热甜黄豆浆,2.5,0101,,,,,
01080002,热甜黑豆浆,2.8,0101,,,,,
52030010,娃哈哈御粥坊腊八粥360g,4.5,0101,,,,,
52030101,娃哈哈有糖八宝粥360g听,4.5,0101,,,,,
52030103,银鹭桂圆莲子粥360g听,4.5,0101,,,,,
01010029,香辣鸡肉饭团1,3,0102,,,,,
01010031,三文鱼蛋黄酱饭团1,3.5,0102,,,,,
01010033,金枪鱼蛋黄酱饭团1,3.5,0102,,,,,
01010037,烤鳗鱼饭团1,4,0102,,,,,
01010041,番茄蛋包饭饭团1,3.8,0102,,,,,
01010045,黑椒牛肉饭团1,3.8,0102,,,,,
01010047,台式卤肉饭饭团1,3.8,0102,,,,,
01010049,甜辣鱿鱼饭团1,3.5,0102,,,,,
01010051,虾仁青豆蛋黄酱饭团1,3.8,0102,,,,,
01010063,三文鱼+金枪鱼细卷寿司1,4.5,0102,,,,,
01010065,三文鱼+金枪鱼寿司组合1,9,0102,,,,,
01010081,圣诞寿司拼盘,68,0102,,,,,
01010108,笋丁鸡肉饭团1,3.5,0102,,,,,
01010110,照烧鸡肉饭团1,3.5,0102,,,,,
01010112,洋风奶酪中卷寿司1,7,0102,,,,,
01010127,铁板鱿鱼饭团1,3.8,0102,,,,,
01010193,孜然肥牛饭团1,3.8,0102,,,,,
01010195,火腿老干妈饭团1,3.8,0102,,,,,
01010205,肉粉松饭团1,4,0102,,,,,
01020025,奥尔良烤鸡腿汉堡1,12,0103,,,,,
01020027,板烧鸡腿堡1,10.8,0103,,,,,
01020029,牛肉芝士汉堡1,10.8,0103,,,,,
01020031,鸡排三明治1,9,0103,,,,,
01020033,金枪鱼蛋黄酱三明治1,8.4,0103,,,,,
01020037,火腿鸡蛋蔬菜三明治1,7.8,0103,,,,,
01020041,千层火腿三明治1,8,0103,,,,,
01020043,蒸蛋火腿三明治1,8.4,0103,,,,,
01020045,时蔬火腿三明治1,8.8,0103,,,,,
01020049,培根蛋饼三明治1,9.5,0103,,,,,
01020053,鸡肉蔬菜三明治（盒）1,10.8,0103,,,,,
01020066,虾排三明治1,12.8,0103,,,,,
01020068,奥尔良鸡肉火腿三明治1,10.5,0103,,,,,
01020076,午餐肉三明治1,8.5,0103,,,,,
01020083,火腿蛋饼三明治1,8.9,0103,,,,,
01020090,鸡腿排三明治1,12.9,0103,,,,,
01020096,虾排三明治1,13.9,0103,,,,,
01030002,午餐 西红柿炒鸡蛋,7,0104,,,,,
01030076,午餐 红烧鸡丸,7,0104,,,,,
01030078,午餐 肉末烧茄子,6,0104,,,,,
01030082,午餐 木须肉,8,0104,,,,,
01030087,午餐 老厨白菜,7.5,0104,,,,,
01030089,午餐 冬笋烧肉,12,0104,,,,,
01030094,老厨白菜(10份装）,7.5,0104,,,,,
01030096,麻辣香锅(10份装）,9.5,0104,,,,,
01030102,西红柿炒鸡蛋(10份装）,7,0104,,,,,
01030104,宫保鸡丁(10份装）,8,0104,,,,,
01030106,冬笋烧肉(10份装）,12,0104,,,,,
01030108,芽菜鸡柳(10份装）,8.5,0104,,,,,
01030129,素烧鱼豆腐(10份装）,7,0104,,,,,
01030135,牛气冲天-红烧牛肉（10份装）,12,0104,,,,,
01030166,香辣鱼豆腐(10份装）,7,0104,,,,,
01030184,焦熘丸子（10份装）,8,0104,,,,,
01030186,年年有余-糖醋鱼块（10份装）,10,0104,,,,,
01030188,瑞气盈门-酸菜白肉（10份装）,9,0104,,,,,
01030193,糖醋鸡柳(10份装）,9,0104,,,,,
01030195,川香鱼块(10份装）,10,0104,,,,,
01030215,煲仔鸡块（10人份）,9,0104,,,,,
01030217,新芽菜鸡柳（10人份）,8.5,0104,,,,,
01030251,豉油圆白菜豆腐（10人份）,6,0104,,,,,
01030255,荷塘小炒(10人份）,6,0104,,,,,
01030259,木须肉（10人份）,8,0104,,,,,
01030283,酸菜鲽鱼块（10人份）,10,0104,,,,,
01030285,酱香牛肉（10人份）,12,0104,,,,,
01030299,香干西葫芦（10人份）,5,0104,,,,,
01030316,干锅圆白菜（10人份）,6,0104,,,,,
01030330,田园虾仁（10人份）,12,0104,,,,,
01030332,尖椒豆皮（10人份）,6,0104,,,,,
01030334,贵州酸汤鱼（10人份）,12,0104,,,,,
01030338,醋溜白菜（10人份）,5,0104,,,,,
01030340,地三鲜（10人份）,6,0104,,,,,
01030342,麻婆豆腐（10人份）,6,0104,,,,,
01030344,水煮肉片（10人份）,10,0104,,,,,
01030346,红烧丸子（10人份）,10,0104,,,,,
01030803,黑椒肉片（10人份）,9,0104,,,,,
01030805,海带烧豆腐（10人份）,6,0104,,,,,
01030807,酸辣藕片（10人份）,6,0104,,,,,
01030201,新白米饭,2,0104,,,,,
03030011,扁豆焖面1,9.9,0105,,,,,
03030013,意大利肉酱面1,12.5,0105,,,,,
03030023,韩式炒年糕1,13.8,0105,,,,,
03030027,鸡蛋西红柿打卤面1,10.8,0105,,,,,
03030031,担担面1,13.5,0105,,,,,
03030044,牛筋面1,9.5,0105,,,,,
03030046,陕西凉皮1,9,0105,,,,,
03030050,红油凉面1,9.5,0105,,,,,
03030053,鸡蛋炒饼1,8.8,0105,,,,,
03030055,鸡蛋炒米粉1,9.5,0105,,,,,
03030059,香菇肉臊面1,10.8,0105,,,,,
03030061,新疆拌面1,13.8,0105,,,,,
03030069,岐山臊子面1,13.6,0105,,,,,
03050021,方便米饭（咖喱蛋包饭）1,13.8,0105,,,,,
03050045,方便米饭（酱爆鸭柳）1,12.8,0105,,,,,
03050049,老干妈炒饭1,8.8,0105,,,,,
03050051,山药素双拼1,13.8,0105,,,,,
03050057,方便米饭（小鸡炖蘑菇双拼）1,13.8,0105,,,,,
03050059,方便米饭（辣白菜五花肉拌饭）1,13.8,0105,,,,,
03050063,方便米饭（新锅仔小炒肉）1,12.8,0105,,,,,
03050065,方便米饭（茄香鸡球）1,13.8,0105,,,,,
03050067,方便米饭（红烧肉）1,15.8,0105,,,,,
03050076,方便米饭（鸡排咖喱）1,18.8,0105,,,,,
03050084,方便米饭（红烧丸子）1,14.8,0105,,,,,
03050086,方便米饭（咖喱炒饭）1,7.9,0105,,,,,
03050107,方便米饭（锅仔小炒肉）1,12.8,0105,,,,,
03050120,方便米饭（金枪鱼什锦鸡蛋）1,9.5,0105,,,,,
03050126,方便米饭（卤肉饭）1,15,0105,,,,,
03030002,扁豆焖面,9.9,0105,,,,,
03030005,鸡蛋西红柿打卤面,10.5,0105,,,,,
03030009,川味鸡丝凉面1,9.9,0105,,,,,
03030017,陕西凉皮1,8.8,0105,,,,,
03030021,牛筋面1,8.5,0105,,,,,
03030025,干炒牛河1,13.5,0105,,,,,
03030029,老北京茄丁面1,10.8,0105,,,,,
03030039,芝香芽菜拌面1,10.8,0105,,,,,
03030072,饸烙面1,13.8,0105,,,,,
03050023,方便米饭（红烧肉）1,13.5,0105,,,,,
03050056,方便米饭（麻辣香锅）2,14.8,0105,,,,,
03050059,方便米饭（辣白菜五花肉拌饭）1,13.8,0105,,,,,
03050061,方便米饭（肉末豆角双拼）1,13.8,0105,,,,,
07050010,家佳康早餐火腿切片,5.5,0106,,,,,
07050012,家佳康台湾香肠,6.8,0106,,,,,
07050013,家佳康美式脆皮热狗肠75g,5.5,0106,,,,,
07050064,口水鸡（冷藏菜肴）1,11.5,0106,,,,,
07050070,夫妻肺片（冷藏菜肴）1,14.8,0106,,,,,
07050082,圃美多调味溏心蛋55g（单枚装）,3.5,0106,,,,,
07050085,圃美多吸吸溏心蛋65g（单枚装）,4.8,0106,,,,,
07070013,韩式泡菜80g,3,0106,,,,,
07070014,牛板筋100g,9.5,0106,,,,,
07070015,桔梗100g,4.8,0106,,,,,
07070016,萝卜干100g,4,0106,,,,,
07070020,宗家府萝卜条小菜40g,3.5,0106,,,,,
07070035,宗家府切件泡菜80g,3.2,0106,,,,,
07070036,宗家府黄瓜泡菜40g,3.8,0106,,,,,
07050009,圃美多吸吸溏心蛋,7.5,0106,,,,,
07050071,夫妻肺片（冷藏菜肴）2,14.8,0106,,,,,
07070007,圃美多爽口脆萝卜泡菜200g,7.8,0106,,,,,
51020101,双汇鱼肠40g,1.8,0106,,,,,
51020201,双汇润口香甜王48g,1.5,0106,,,,,
51020204,双汇玉米热狗40g,1.5,0106,,,,,
51020205,双汇Q趣香辣风味火腿肠85g,2.8,0106,,,,,
51020206,金锣肉粒多猪肉香肠60g,3,0106,,,,,
51020207,金锣台式小烤肠48g,3,0106,,,,,
51020208,双汇葱香风味泡面搭档45g,1.5,0106,,,,,
51020209,金锣无淀粉王中王65g,2.8,0106,,,,,
51020301,双汇鸡肉肠65g根,1.5,0106,,,,,
51030101,苏伯紫菜蛋花汤杯,3.8,0106,,,,,
51030102,苏伯菠菜蛋花汤杯,3.8,0106,,,,,
51030103,苏伯西红柿蛋花汤杯,3.8,0106,,,,,
51080201,白家正宗酸辣桶,5.8,0106,,,,,
51080202,白家正宗酸辣袋,3.2,0106,,,,,
52020101,梅林午餐肉罐头340g,15.3,0106,,,,,
52030308,王致和大块腐乳340g瓶,6.2,0106,,,,,
07050055,卤西西麻辣鸭板肠100g（卤西西）,16,0200,,,,,
07050059,卤西西麻辣鸭锁骨150g,17,0200,,,,,
07050087,卤西西麻辣鸭胗,20.8,0200,,,,,
07050090,卤西西麻辣花蛤120g,10.8,0200,,,,,
07050001,哈哈镜鸭脖 微辣,19.5,0200,,,,,
07050002,哈哈镜鸭脖 不辣,19.5,0200,,,,,
07050003,哈哈镜鸭肠,33,0200,,,,,
07050004,哈哈镜鸭翅 微辣,20.5,0200,,,,,
07050005,哈哈镜鸭爪 微辣,20.5,0200,,,,,
07050043,哈哈镜麻辣小龙虾,33.5,0200,,,,,
07050048,哈哈镜即食南美虾,33,0200,,,,,
07050056,卤西西麻辣鱿鱼170g（卤西西）,21.8,0200,,,,,
07050084,哈哈镜鸭锁骨 正辣,12.5,0200,,,,,
07070001,哈哈镜即食腐竹,13.5,0200,,,,,
07070002,哈哈镜即食豆皮,12,0200,,,,,
07070010,哈哈镜即食藕片,13.5,0200,,,,,
07070011,哈哈镜即食土豆,13.5,0200,,,,,
07070012,哈哈镜即食藕片 微辣,13.5,0200,,,,,
07070022,哈哈镜即食海带,13.5,0200,,,,,
01070025,碳烤鸡肉串,4,0300,,,,,
01070026,炸鸡腿排（压力油炸上腿）,9,0300,,,,,
01070027,炸鸡腿（压力油炸下腿）,9,0300,,,,,
01070028,网烧鸡排,9,0300,,,,,
01070060,碳烤鸡肉脆骨串,5,0300,,,,,
01070066,麻辣鸡排串,7.5,0300,,,,,
01070074,奥尔良鸡腿,11.8,0300,,,,,
01070035,台式烤肠,4,0300,,,,,
01050001,鲜脆鱼豆腐,2,0400,,,,,
01050002,夹心蟹排,2,0400,,,,,
01050003,维也纳辣肠,2.5,0400,,,,,
01050004,西域牛肉块,2.5,0400,,,,,
01050006,圆白菜卷,2.5,0400,,,,,
01050007,黑椒贡丸,2.8,0400,,,,,
01050009,海带丝,1.8,0400,,,,,
01050010,黄金海鲜饼,3,0400,,,,,
01050011,黄金鱼蛋,2.5,0400,,,,,
01050012,墨鱼丸,2.8,0400,,,,,
01050013,鸡肉香菇蔬菜串,2.5,0400,,,,,
01050014,炸豆腐,1.8,0400,,,,,
01050019,调味汁（关东煮原汁）,0,0400,,,,,
01050020,八珍豆腐饼,2,0400,,,,,
01050022,小结魔芋丝,1.8,0400,,,,,
01050023,新海苔鸡肉串,2.8,0400,,,,,
01050025,什锦福包,2.8,0400,,,,,
01050036,咖喱黄金塔,3,0400,,,,,
01050037,玉兰笋,1.8,0400,,,,,
01050038,咖喱味关东煮调料（固态）,0,0400,,,,,
01050039,墨鱼丸(咖喱）,1.2,0400,,,,,
01050040,龙虾球(咖喱）,1.2,0400,,,,,
01050042,黄金鱼丸(咖喱）,1.2,0400,,,,,
01050043,香菇鱼丸(咖喱）,1.2,0400,,,,,
01050044,牛筋肉丸(咖喱）,1.2,0400,,,,,
01050045,藕段,2,0400,,,,,
01050071,香菇串,2.8,0400,,,,,
01050072,炭烧鸡肉脆骨棒,3.5,0400,,,,,
01050073,新扇贝串,5,0400,,,,,
01050077,新海带丝,1.8,0400,,,,,
01050079,香菇串,2,0400,,,,,
01050086,笋尖,1.8,0400,,,,,
01050005,萝卜,1.8,0400,,,,,
01050008,扇贝串,6,0400,,,,,
01050016,魔芋丝,1.6,0400,,,,,
01050018,海苔鸡肉串,2.8,0400,,,,,
01050024,鸡蛋,2,0400,,,,,
01050037,玉兰笋,1.8,0400,,,,,
01050078,多味丸子,3,0400,,,,,
03070023,八种水果切块1,18.5,0500,,,,,
03070025,大拌菜1,8.5,0500,,,,,
03070029,蔬菜摇摇杯1,6.5,0500,,,,,
03070031,混合水果切块（小）1,9.9,0500,,,,,
03070043,田园时蔬沙拉1,8.5,0500,,,,,
03070057,烟熏鸡肉蔬菜沙拉,9.5,0500,,,,,
03070060,烟熏鸡肉蔬菜沙拉1,9.5,0500,,,,,
03070062,土豆泥沙拉1,6,0500,,,,,
03070064,金枪鱼土豆泥沙拉1,6,0500,,,,,
03070068,鸡蛋荸荠沙拉1,9,0500,,,,,
03070092,蔬菜沙拉（意面+奥尔良鸡肉）1,11.8,0500,,,,,
03070094,水果切块（哈密瓜+蜜柚）1,8.5,0500,,,,,
03070011,八种水果切块,18.5,0500,,,,,
03070017,混合水果切块（小）,9.9,0500,,,,,
03070058,土豆泥沙拉,6,0500,,,,,
03070059,金枪鱼土豆泥沙拉,6,0500,,,,,
03070080,果蔬缤纷组合沙拉1,8.5,0500,,,,,
03060018,蛋糕卷-奶油蔓越莓味,9.8,0601,,,,,
03060021,焦糖布丁（大）120g,8.8,0601,,,,,
03060024,原味芝士蛋糕100g,10.8,0601,,,,,
03060025,香浓巧克力蛋糕75g,9.8,0601,,,,,
03060037,银耳枸杞羹220g,4.9,0601,,,,,
03060039,绿豆冰粥(杯),5,0601,,,,,
03060047,Q糯酸奶慕斯杯,7.5,0601,,,,,
03060050,万圣节南瓜布丁,6.5,0601,,,,,
03060052,椰丝奶油元宝蛋糕75g,7,0601,,,,,
03060060,圣诞巧克力树根蛋糕,108,0601,,,,,
03060061,圣诞老人草莓奶油蛋糕,118,0601,,,,,
03060062,圣诞缤纷水果奶油蛋糕,128,0601,,,,,
03060064,圣诞试吃商品—奶油蛋糕,0,0601,,,,,
03060075,圣诞试吃商品—巧克力蛋糕,0,0601,,,,,
03060089,多味布丁85g,9.9,0601,,,,,
03060094,揭蜜黑巧樱桃蛋糕卷,13.8,0601,,,,,
03060096,揭蜜巧克力布朗尼芝士,13.8,0601,,,,,
03060097,揭蜜杏仁芝士,13.8,0601,,,,,
03060145,便当蛋糕（榴莲味）,13.5,0601,,,,,
03060146,便当蛋糕（草莓味）,12.5,0601,,,,,
03060148,蓝莓Q心冰皮月饼,7,0601,,,,,
03060150,抹茶蜜豆Q心冰皮月饼,7,0601,,,,,
03060155,万圣节南瓜芝士切角蛋糕,13.8,0601,,,,,
03060166,圣诞试吃商品-巧克力麋鹿蛋糕,0,0601,,,,,
03060167,圣诞试吃商品-红丝绒蛋糕,0,0601,,,,,
03060183,奥利奥手拿芝士蛋糕,8.8,0601,,,,,
03060184,香草蔓越莓手拿芝士蛋糕,8.8,0601,,,,,
03060508,火山泡芙（榴莲味）,7,0601,,,,,
03060022,焦糖布丁(小)75g,6,0601,,,,,
03060023,榴莲布丁75g,6.5,0601,,,,,
03060038,乳酪蛋糕-轻乳酪70g,9,0601,,,,,
03060041,芒果冰粥(杯),6.5,0601,,,,,
03060098,西米露（汤羹制品）,6,0601,,,,,
03060149,草莓Q心冰皮月饼,7,0601,,,,,
03060154,万圣节巧克力慕斯蛋糕,14.8,0601,,,,,
03060165,圣诞丝滑牛奶蛋糕杯,11.8,0601,,,,,
03010002,巧克力切片面包（2片装）,4.2,0602,,,,,
03010003,原味切片面包（4片装）,5.5,0602,,,,,
03010005,杂果派,6,0602,,,,,
03010008,葡萄干奶油起酥面包,5,0602,,,,,
03010012,吉士排包,6,0602,,,,,
03010021,香浓巧克力脆皮面包,5,0602,,,,,
03010024,天然酵母面包（北海道牛奶味90g）,7.5,0602,,,,,
03010025,天然酵母面包（巧克力味90g）,7.5,0602,,,,,
03010026,天然酵母面包（香橙味90g）,7.5,0602,,,,,
03010040,菠萝奶黄面包,4.5,0602,,,,,
03010044,原味蛋糕卷,7.8,0602,,,,,
03010045,虎皮蛋糕卷,8.5,0602,,,,,
03010052,白巧克力杏仁丹麦面包,5.8,0602,,,,,
03010062,椰风柠檬蛋糕卷,8.5,0602,,,,,
03010064,巧克力喜多块面包,5.8,0602,,,,,
03010065,奶油菠萝面包,5.5,0602,,,,,
03010068,芝士蒸蛋糕,4.5,0602,,,,,
03010069,全时心意月饼礼盒,108,0602,,,,,
03010072,抹茶蜜豆Q心月饼,7.5,0602,,,,,
03010073,红酒蔓越莓Q心月饼,8.8,0602,,,,,
03010088,乳酪海绵三角蛋糕,6.5,0602,,,,,
03010090,多谷物芝士软欧面包,6.8,0602,,,,,
03010129,香甜肉松面包,6,0602,,,,,
03010136,玉米乳酪蛋糕圈(5个装),8.8,0602,,,,,
03010137,老婆饼（豆沙4块装),8,0602,,,,,
03010150,热狗脆皮肠餐包（5个装）,6,0602,,,,,
03010151,火腿芝士沙拉面包,4.8,0602,,,,,
03010153,奶油丹麦卷面包,5.8,0602,,,,,
03010160,北海道吐司（2片装）,3.8,0602,,,,,
03010180,酸奶餐包（3个装）,5,0602,,,,,
03010190,阅好中秋月饼礼盒,108,0602,,,,,
03010196,低糖鲜花黑麻蓉月饼,8.5,0602,,,,,
03010204,双味虎皮蛋糕卷（4个装）,8,0602,,,,,
03010217,万圣节卡仕达丹麦面包,5,0602,,,,,
03010219,桃李蔓越莓核桃面包,5.8,0602,,,,,
03010227,原味年轮蛋糕,4.5,0602,,,,,
03010228,巧克力味年轮蛋糕,4.5,0602,,,,,
03010232,肉粉松卷丹麦面包,6,0602,,,,,
03010233,榴莲椰丝面包,5,0602,,,,,
03010803,小兔草莓白面包,5,0602,,,,,
03010806,玫瑰鲜花饼,5,0602,,,,,
03010808,火腿卷餐包（4个装）,5.2,0602,,,,,
03010809,香蕉椰丝面包,5,0602,,,,,
03010810,毛毛虫面包（奶油）,4.5,0602,,,,,
03010811,巧克力面包,5,0602,,,,,
03010013,香浓奶棒（6个装）,6.5,0602,,,,,
03010017,白面包（酸奶酱）,4,0602,,,,,
03010018,泡芙包,4.5,0602,,,,,
03010028,香芒蛋糕,4.8,0602,,,,,
03010043,红豆奶油蛋糕卷,6.5,0602,,,,,
03010050,天然酵母面包（焦糖味90g）,7.5,0602,,,,,
03010051,提子派,5.8,0602,,,,,
03010063,双味起酥面包90g,5,0602,,,,,
03010066,菠萝牛角面包,4.8,0602,,,,,
03010067,椰丝面包,5,0602,,,,,
03010085,黄油奶香麻花面包,5,0602,,,,,
03010152,抹茶红豆面包,4.8,0602,,,,,
03010168,西番莲卷面包（3个装）,5,0602,,,,,
03010182,果味丹麦面包（4个装）,6.8,0602,,,,,
03010191,台式蛋黄酥月饼,8,0602,,,,,
03010201,迷你乳酪面包(4个装),5.5,0602,,,,,
03010237,可可奶酥菠萝包,5,0602,,,,,
03010805,法式牛奶巧克力月饼,8,0602,,,,,
03010807,蜂蜜厚多士面包,5,0602,,,,,
05010066,伊利谷粒多燕麦牛奶200ml,4.8,0701,,,,,
07010003,三元脱脂牛奶500ml,7.5,0701,,,,,
07010115,宾格瑞草莓牛奶240ml,16.8,0701,,,,,
07010154,味全燕麦谷粒牛奶400g,8.5,0701,,,,,
07010155,味全红豆紫米谷粒牛奶400g,8.5,0701,,,,,
07010164,三元极致有机鲜牛奶240ml,7.5,0701,,,,,
07010168,光明优倍巴氏鲜牛奶500ml,11.6,0701,,,,,
07010174,光明优倍鲜牛奶200ml,5,0701,,,,,
16030307,宾格瑞哈密瓜牛奶200ml盒,7.9,0701,,,,,
05010001,三元高钙牛奶利乐枕227ml,3.5,0701,,,,,
05010002,三元纯牛奶利乐枕227ml,3,0701,,,,,
05010003,三元极致高品质牛奶250ml,5.5,0701,,,,,
05010004,三元纯牛奶250ml盒,4,0701,,,,,
05010005,伊利利乐枕纯牛奶240ml,3,0701,,,,,
05010006,伊利利乐枕高钙奶240ml,3.5,0701,,,,,
05010010,三元核桃麦片早餐奶利乐枕227ml,3.5,0701,,,,,
05010011,三元巧克力牛奶250ml盒,4.5,0701,,,,,
05010013,夏进炼乳牛奶500ml,9,0701,,,,,
05010017,伊利味可滋香蕉牛奶240ml,5.5,0701,,,,,
05010020,伊利舒化低脂无乳糖牛奶250m,5,0701,,,,,
05010021,伊利金典纯牛奶250ml,6,0701,,,,,
05010041,蒙牛特仑苏牛奶250ml,6.5,0701,,,,,
07010004,三元极致低温鲜奶490ml,11.6,0701,,,,,
07010114,光明巴氏鲜牛奶500ml,7.5,0701,,,,,
16030305,宾格瑞香蕉牛奶200ml盒,7.9,0701,,,,,
07010008,光明新鲜杯酸奶红枣味180g,3.5,0702,,,,,
07010011,今时代黑加仑果粒酸奶180g,3.5,0702,,,,,
07010012,今时代黄桃果粒酸奶180g,3.5,0702,,,,,
07010013,今时代草莓果粒酸奶180g,3.5,0702,,,,,
07010015,味全优酪乳黄桃果粒180g,6,0702,,,,,
07010017,牛奶乐园紫米+草莓+树莓酸奶290g,9.8,0702,,,,,
07010018,三元悦浓黑加仑酸奶180g,3.5,0702,,,,,
07010019,蒙牛冠益乳酸奶草莓250g,6.9,0702,,,,,
07010020,蒙牛冠益乳酸奶椰果250g,6.9,0702,,,,,
07010022,味全优酪乳纯正麦香180g,6,0702,,,,,
07010024,三元悦浓经典原味酸奶180g,3.2,0702,,,,,
07010025,今时代传统酸奶180g,3,0702,,,,,
07010026,今时代无糖酸奶180g,3,0702,,,,,
07010028,三元果之养屋形原味酸奶200g,4,0702,,,,,
07010030,光明新鲜杯酸奶原味180g,3.5,0702,,,,,
07010031,牛奶乐园原味酸奶290g,8.8,0702,,,,,
07010033,蒙牛冠益乳酸奶原味250g,6.5,0702,,,,,
07010050,纯享益生菌发酵乳原味,8.9,0702,,,,,
07010054,兰格格风味酸乳,9.9,0702,,,,,
07010055,活润黄桃+芒果果粒风味发酵乳,12,0702,,,,,
07010056,活润草莓+桑葚果粒风味发酵乳,12,0702,,,,,
07010057,光明新鲜杯发酵乳蜂蜜味,3.5,0702,,,,,
07010060,今时代复合果粒酸奶295g,9.8,0702,,,,,
07010061,光明畅优原味发酵乳180g,3.8,0702,,,,,
07010062,光明屋型原味酸奶490g,7,0702,,,,,
07010063,活润燕麦+杏果粒风味发酵乳,12,0702,,,,,
07010066,华明北京记忆酸奶180g,4.8,0702,,,,,
07010068,伊利畅轻发酵乳250g（燕麦+黄桃）,7.9,0702,,,,,
07010073,和润柠檬珍珠球酸奶200g,8.5,0702,,,,,
07010075,蒙古熟酸奶,8.8,0702,,,,,
07010125,活润蓝莓+山药果粒风味酸牛奶370g,12,0702,,,,,
07010129,圣牧原味浓缩酸奶180g,4,0702,,,,,
07010152,健生原味酸牛乳200g,4.5,0702,,,,,
07010158,优诺原味发酵乳135g,8.9,0702,,,,,
07010159,优诺草莓果粒发酵乳135g,8.9,0702,,,,,
07010160,优诺蓝莓果粒发酵乳135g,8.9,0702,,,,,
07010161,三元轻能蓝莓+大麦发酵乳250g,7.9,0702,,,,,
07010163,新希望初心饮用型原味发酵乳245g,6.5,0702,,,,,
07010169,今时代褐色酸牛奶295g,9.8,0702,,,,,
07010170,今时代抹茶青苹果发酵乳295g,9.8,0702,,,,,
07010171,味全优选原味优酪乳230g,7.9,0702,,,,,
07010172,伊利草莓+巧克力豆发酵乳220ml,9.9,0702,,,,,
07010176,优诺黄桃果粒发酵乳135g,8.9,0702,,,,,
07010177,新希望初心日式风味发酵乳245g,7.5,0702,,,,,
05010022,伊利安慕希希腊酸奶205g,6,0702,,,,,
05010057,蒙牛纯甄酸奶200ml,6.5,0702,,,,,
07010009,今时代粗粮酸奶200g,4.5,0702,,,,,
07010029,三元雪凝茯苓酸奶150g,2.8,0702,,,,,
07010059,今时代原味酸奶295g,8.8,0702,,,,,
07010064,牛奶乐园黑糖+甘蔗+马蹄酸奶290g,9.8,0702,,,,,
07010077,今时代红枣燕麦低脂酸奶180g,4,0702,,,,,
07010117,味全优酪乳原味190g,6,0702,,,,,
07010145,圣牧原味有机酸牛奶200g,9.8,0702,,,,,
07010146,圣牧沙棘有机酸牛奶200g,9.8,0702,,,,,
07010152,健生原味酸牛乳200g,4.5,0702,,,,,
07010162,三元轻能原味发酵乳250g,7.8,0702,,,,,
07010173,伊利蓝莓+巧克力豆发酵乳220ml,9.9,0702,,,,,
07080002,味全活性乳酸菌草莓435ml,7,0703,,,,,
07080003,味全活性乳酸菌原味435ml,7,0703,,,,,
07080005,味全活性乳酸菌低糖原味435ml,7,0703,,,,,
07080007,味全活性乳酸菌原味100ml*5,11,0703,,,,,
07080063,味全活性乳酸菌低糖苹果味435ml,7,0703,,,,,
07080069,味全活性乳酸菌低糖原味100ml*5,11,0703,,,,,
16010019,乐天牛奶乳酸饮料500ml瓶,9.9,0703,,,,,
16030010,牛奶煮咖啡280ml瓶,5.5,0703,,,,,
16030011,牛奶煮椰子280ml瓶,5.5,0703,,,,,
16030029,阿华田经典可可味250ml盒,3.9,0703,,,,,
16030035,宾格瑞香蕉牛奶200ml盒礼盒,63,0703,,,,,
16030036,宾格瑞哈密瓜牛奶200ml盒礼盒,63,0703,,,,,
16050012,统一阿萨姆小奶茶（牛奶型）360ml瓶,6.5,0703,,,,,
16050013,统一阿萨姆小奶茶（椰奶型）360ml瓶,6.5,0703,,,,,
07080001,味全活性乳酸菌芦荟435ml,7,0703,,,,,
07080002,味全活性乳酸菌草莓435ml,7,0703,,,,,
07080003,味全活性乳酸菌原味435ml,7,0703,,,,,
16030026,银鹭花生牛奶500ml瓶,5,0703,,,,,
16050301,统一晴蓝阿萨姆奶茶500ml瓶,4.5,0703,,,,,
16060007,爱夸天然矿泉水570ml瓶,4.5,0801,,,,,
16060034,景田百岁山矿泉水570ml瓶礼盒,66,0801,,,,,
16060003,怡宝纯净水555ml瓶,2,0801,,,,,
16060009,怡宝纯净水1.555L瓶,3.5,0801,,,,,
16060010,景田百岁山矿泉水570ml瓶,3,0801,,,,,
16060012,雀巢优活饮用水330ml瓶,2,0801,,,,,
16060032,怡宝纯净水4.5L瓶,12,0801,,,,,
16060052,雀巢优活饮用水550ml,2,0801,,,,,
16060202,依云矿泉水500ml瓶,11.8,0801,,,,,
16060203,农夫山泉380ml瓶,2,0801,,,,,
16060204,农夫山泉550ml瓶,2,0801,,,,,
16060205,农夫山泉4L瓶,9.2,0801,,,,,
16060206,农夫山泉天然水1.5L瓶,3.5,0801,,,,,
07080021,味全贝纳颂摩卡风味咖啡250ml,7.5,0802,,,,,
07080024,每日咖啡（意大利浓缩拿铁）,15.8,0802,,,,,
07080025,每日咖啡（摩卡咖啡）,14.8,0802,,,,,
07080040,每日咖啡（减糖浓缩拿铁）,15.8,0802,,,,,
07080073,味全贝纳颂焦糖玛奇朵咖啡250ml,7.5,0802,,,,,
07080103,每日熏蒸拿铁味咖啡250ml,15.8,0802,,,,,
16030004,统一雅哈柔漫咖450ml瓶,8,0802,,,,,
16030040,三佳利黑咖啡280ml瓶,14.5,0802,,,,,
16030046,雀巢雪咖慕思意式浓香口味咖啡饮料180ml,8.5,0802,,,,,
16030051,星巴克星冰乐原味咖啡281ml瓶,19.5,0802,,,,,
16030052,星巴克星冰乐摩卡味281ml,19.5,0802,,,,,
16030105,三得利利趣拿铁480ml瓶,5.5,0802,,,,,
07080022,味全贝纳颂拿铁风味咖啡250ml,7.5,0802,,,,,
07080023,味全贝纳颂蓝山风味咖啡250ml,7.5,0802,,,,,
07080073,味全贝纳颂焦糖玛奇朵咖啡250ml,7.5,0802,,,,,
16030103,雀巢咖啡香滑即饮180ml罐装,4,0802,,,,,
16030104,雀巢咖啡瓶装丝滑拿铁268ml瓶,6,0802,,,,,
16030106,雀巢香浓咖啡180ml罐,4,0802,,,,,
16030107,雀巢咖啡丝滑摩卡268ml瓶装,6,0802,,,,,
56010006,伯朗咖啡蓝山风味126g盒,21.5,0802,,,,,
16050031,加多宝凉茶310ml听礼盒,48,0803,,,,,
16050046,天喔茶庄金红袍350ml,5,0803,,,,,
16050047,天喔茶庄金普洱350ml,5,0803,,,,,
16050048,天喔茶庄蜂蜜柚子茶350ml瓶,4,0803,,,,,
16050049,天喔茶庄蜂蜜雪梨茶350ml瓶,4,0803,,,,,
16050054,本味红伝奶茶275ml瓶,12,0803,,,,,
16050056,中粮祁门红茶420ml瓶,5,0803,,,,,
16050057,中粮清香乌龙茶420ml瓶,5,0803,,,,,
16050401,三得利乌龙茶无糖500ml瓶,4,0803,,,,,
16050001,统一小茗同学青柠红茶480ml瓶,5.5,0803,,,,,
16050002,统一小茗同学茉莉萃茶480ml瓶,5.5,0803,,,,,
16050006,立顿英式果味茶蜜桃味500ml瓶,4,0803,,,,,
16050007,立顿英式果味茶野莓味500ml瓶,4,0803,,,,,
16050008,统一小茗同学冰橘绿茶480ml瓶,5.5,0803,,,,,
16050009,维他柠檬茶饮料310ml罐,4.5,0803,,,,,
16050027,维他柠檬茶500ml瓶,7,0803,,,,,
16050032,统一小茗同学溜溜哒茶480ml瓶,5.5,0803,,,,,
16050033,康师傅蜂蜜绿茶550ml瓶,3,0803,,,,,
16050035,统一法式茉莉花茶（调味茶饮料）450ml瓶,5.5,0803,,,,,
16050036,统一德式经典花果茶（植物饮料）450ml瓶,5.5,0803,,,,,
16050037,农夫茶π蜜桃乌龙茶500ml瓶,6,0803,,,,,
16050038,农夫茶π柠檬红茶500ml瓶,6,0803,,,,,
16050039,农夫山泉茶π柚子绿茶500ml,6,0803,,,,,
16050040,农夫山泉茶π西柚茉莉茶500ml,6,0803,,,,,
16050041,立顿英式果茶炫彩混合果味500ml,4,0803,,,,,
16050101,统一绿茶2L瓶,6.8,0803,,,,,
16050102,统一绿茶500ml瓶,3,0803,,,,,
16050201,统一冰红茶2L瓶,6.5,0803,,,,,
16050202,统一冰红茶500ml瓶,3,0803,,,,,
16050205,健力宝轰茶君乳酸菌红茶饮料500ml,5.8,0803,,,,,
16050402,三得利黑乌龙茶350ml瓶,5.5,0803,,,,,
16050501,加多宝凉茶310ml听,4,0803,,,,,
16050502,康师傅茉莉蜜茶500ml瓶,3,0803,,,,,
16050503,康师傅茉莉清茶500ml瓶,3,0803,,,,,
16050508,维他柠檬茶250ml盒,3.5,0803,,,,,
16050509,加多宝500ml瓶,4.5,0803,,,,,
07080041,FRUTCO富果猕猴桃复合果汁,14.8,0804,,,,,
07080042,FRUTCO富果橙汁,14.8,0804,,,,,
07080044,FRUTCO富果复合莓果汁,14.8,0804,,,,,
07080072,味全每日C桃汁300ml,6.9,0804,,,,,
07080076,鸿福堂杨枝甘露330g,18.8,0804,,,,,
07080078,鸿福堂港式奶茶310ml,15,0804,,,,,
07080080,鸿福堂港式鸳鸯奶茶310ml,15,0804,,,,,
07080081,天天草本竹蔗马蹄饮450ml,7.8,0804,,,,,
07080082,天天草本枇杷雪梨饮450ml,7.8,0804,,,,,
07080008,味全每日C果汁鲜橙300ml,6.9,0804,,,,,
07080009,味全每日C果汁苹果300ml,6.9,0804,,,,,
07080010,味全每日C果汁葡萄300ml,6.9,0804,,,,,
07080011,味全每日C胡萝卜果蔬300ml,6.9,0804,,,,,
16010001,老北京橙汁汽水420ml瓶,4,0805,,,,,
16010005,百事美年达蜂蜜柚子味550ml瓶,3.5,0805,,,,,
16010032,雪碧清爽青柠味汽水500ml,3.5,0805,,,,,
16010033,摆泉老北京盐水菠萝汁汽水410ml,4,0805,,,,,
16010037,百事维动力气泡维生素饮料热带菠萝味500ml,5,0805,,,,,
16010039,怡泉奶油味汽水500ml,4.5,0805,,,,,
16010042,雪碧零卡汽水500ml,3.5,0805,,,,,
16010043,屈臣氏柠檬草味苏打汽水330ml瓶,5.5,0805,,,,,
16010044,怡泉气泡水柠檬味500ml瓶,4.5,0805,,,,,
16010045,怡泉气泡水覆盆子味500ml瓶,4.5,0805,,,,,
16010104,可口可乐300ml随身装瓶,2,0805,,,,,
16010302,珍珍荔枝汽水520ml,3.5,0805,,,,,
16010003,娃哈哈C驱动柠檬碳酸饮料530ml瓶,4.5,0805,,,,,
16010007,屈臣氏苏打水香草味330ml听,6,0805,,,,,
16010029,怡泉+C奇异果口味500ml,4.5,0805,,,,,
16010030,怡泉+C苏打汽水500ml,4.5,0805,,,,,
16010031,怡泉干姜汽水500ml,4.5,0805,,,,,
16010036,美年达橙味600ml,3.5,0805,,,,,
16010040,芬达橙味汽水600ml,3.5,0805,,,,,
16010041,百事维动力蜜桃味500ml,5,0805,,,,,
16010101,可口可乐2L瓶,6.8,0805,,,,,
16010102,百事可乐330ml听,2.5,0805,,,,,
16010103,可口可乐330ml听,2.5,0805,,,,,
16010105,健怡可口可乐500ml瓶,3.5,0805,,,,,
16010106,可口可乐600ml瓶,3.5,0805,,,,,
16010107,百事可乐600ml瓶,3.5,0805,,,,,
16010108,零度可口可乐330ml听,3.5,0805,,,,,
16010109,可口可乐樱桃味汽水355ml听,7.9,0805,,,,,
16010201,雪碧2L瓶,7.5,0805,,,,,
16010202,雪碧330ml听,2.5,0805,,,,,
16010203,健力宝橙560ml瓶,4,0805,,,,,
16010204,雪碧600ml瓶,3.5,0805,,,,,
16010205,怡泉+C柠檬味汽水500ml瓶,4.5,0805,,,,,
16010206,美年达冰镇西瓜味600ml瓶,3.5,0805,,,,,
16010301,屈臣氏苏打水330ml听,5.5,0805,,,,,
16060051,碱法葡萄苏打水500ml,4.5,0805,,,,,
16060208,碱法柠檬苏打水500ml,4.5,0805,,,,,
16020012,康师傅海晶柠檬500ml瓶,3.5,0806,,,,,
16020013,三得利蜜香暖姜瓶350ml瓶,5,0806,,,,,
16020014,三得利蜜香暖橙瓶350ml瓶,5,0806,,,,,
16020015,三得利罗汉果350ml,4,0806,,,,,
16020024,统一如饮柚见幸福,5,0806,,,,,
16020026,乐贝松马蹄莲子280ml瓶,5,0806,,,,,
16020032,唯他可可椰子饮料330ml盒,10.8,0806,,,,,
16020035,美之源瓜拉纳450ml,4.5,0806,,,,,
16020044,果缤纷金橙百香果味500ml,3.5,0806,,,,,
16020045,三得利蜜香暖苹350ml,5,0806,,,,,
16020046,赵州银耳雪梨汁350ml瓶,4.5,0806,,,,,
16020048,美汁源淳萃柠复合果汁饮料350ml瓶,6,0806,,,,,
16020051,农夫山泉NFC苹果香蕉汁300ml瓶,7.9,0806,,,,,
16020052,农夫山泉NFC橙汁300ml瓶,7.9,0806,,,,,
16020053,赵州鲜榨雪梨500ml瓶,3.5,0806,,,,,
16020105,赵州鲜榨雪梨1.5L瓶,12,0806,,,,,
16020111,熊津萃雅源芦荟味饮料500ml瓶,9.9,0806,,,,,
16020114,三得利暖柚瓶350ml瓶,5,0806,,,,,
16020116,维他芒果汁250ml盒,4.5,0806,,,,,
16020117,UFC牌100%纯椰子水饮料500ml盒,14.8,0806,,,,,
16020303,隆顺榕雪梨汤350ml瓶,6,0806,,,,,
16020001,台椰台式鲜榨椰子汁500ml瓶,6.8,0806,,,,,
16020030,北冰洋橙汁汽水330ml听,5,0806,,,,,
16020036,闪魔黑水蓝莓汁饮料480ml,5,0806,,,,,
16020101,水溶C100柠檬汁445ml瓶,5,0806,,,,,
16020102,水溶C100西柚汁445ml瓶,5,0806,,,,,
16020103,美之源果粒橙450ml瓶,3.5,0806,,,,,
16020104,美汁源果粒橙1.25l,7.9,0806,,,,,
16020107,汇源100%橙汁200ml盒,4.8,0806,,,,,
16020108,汇源100%桃汁200ml盒,4.8,0806,,,,,
16020121,水溶C100青皮桔汁445ml瓶,5,0806,,,,,
16020126,统一鲜橙多plus柠400ml,5.5,0806,,,,,
16020304,信远斋桂花酸梅汤300ml瓶,5,0806,,,,,
16020309,康师傅陈皮酸梅汤500ml瓶,3,0806,,,,,
16060001,海之言卡曼橘果味饮料500ml瓶,4.5,0806,,,,,
16060026,脉动芒果600ml瓶,4.5,0807,,,,,
16060110,黑卡6小时能量饮料（什果味咖啡饮料）,6,0807,,,,,
16070004,Monster能量型维生素运动饮料330ml,6.8,0807,,,,,
16070101,优劲安吉功能性饮料300ml,15,0807,,,,,
16060024,脉动荔枝600ml瓶,4.5,0807,,,,,
16060025,脉动菠萝600ml瓶,4.5,0807,,,,,
16060036,统一海之言黑加仑果味饮料500ml瓶,4.5,0807,,,,,
16060037,统一海之言水蜜桃果味饮料500ml瓶,4.5,0807,,,,,
16060041,统一水趣多500ml瓶,5.5,0807,,,,,
16060042,脉动随悦海盐奇异果味480ml瓶,5,0807,,,,,
16060101,脉动青柠600ml瓶,4.5,0807,,,,,
16060102,脉动水蜜桃600ml瓶,4.5,0807,,,,,
16060103,海之言果味饮料500ml瓶,4.5,0807,,,,,
16060107,海之言西柚果味饮料500ml瓶,4.5,0807,,,,,
16060108,宝矿力500ml瓶,5,0807,,,,,
16060111,红牛维生素功能250ml听,6.8,0807,,,,,
16060113,中沃体质能量580ml瓶,4,0807,,,,,
16060114,红牛牛磺酸强化型250ml听,8,0807,,,,,
56020201,香飘飘椰果奶茶香芋味80g杯,4,0808,,,,,
56020202,香飘飘原味奶茶80g杯,4,0808,,,,,
56020204,优乐美奶茶原味80g杯,4,0808,,,,,
56020206,香飘飘焦糖仙草奶茶82g杯,6.5,0808,,,,,
10010003,田牧金钻冰淇淋75g,6,0900,,,,,
10010012,伊利牧场醇真原味雪糕80g,5,0900,,,,,
10010027,和路雪梦龙香草口味冰淇淋64g,9,0900,,,,,
10010030,马迭尔原味冰棍85g,5,0900,,,,,
10010031,马迭尔芒果味冰棍85g,10,0900,,,,,
10010034,雪帝西门打滚65g,4,0900,,,,,
10010063,曲奇冰淇淋 （芝士蛋糕味）82.9g,11.8,0900,,,,,
10010074,华芙香草味奶砖冰淇淋80g,8,0900,,,,,
10010076,雀巢呈真黄桃水果冰棒50g,3,0900,,,,,
10010077,雀巢呈真猕猴桃水果冰棒50g,3,0900,,,,,
10010078,宾格瑞牌香蕉味冰棒,8.9,0900,,,,,
10010079,宾格瑞牌西瓜味冰棒,8.9,0900,,,,,
10010085,哈尔滨老雪糕（奶油味）,6.5,0900,,,,,
10010086,哈尔滨老雪糕（朗姆味）,8,0900,,,,,
10010087,哈尔滨老雪糕（巧克力味）,8,0900,,,,,
10010090,曲奇冰淇淋（巧克力味）76g,11.8,0900,,,,,
10010201,和路雪可爱多蛋筒香草68g,5,0900,,,,,
10010202,和路雪可爱多蛋筒草莓68g,5,0900,,,,,
10010208,雀巢香草冰雪小丸子（雪糍）32g,3,0900,,,,,
10010213,老式雪糕牛奶味80g,4,0900,,,,,
10010215,和路雪可爱多蛋筒巧克力口味冰淇淋,5,0900,,,,,
10010225,乐天经典雪来淋雪糕奶油曲奇,12.8,0900,,,,,
10010231,和路雪梦龙松露巧克力口味冰淇淋65g,9,0900,,,,,
10010234,老鼎丰雪糕巧克力味,6.5,0900,,,,,
10010235,老鼎丰雪糕牛奶味,6.5,0900,,,,,
10010236,蒙牛奶棒蜜瓜味,4,0900,,,,,
10010237,蒙牛奶棒原味,4,0900,,,,,
10010240,马迭尔香草味,10,0900,,,,,
10010241,一毛五巧克力味75g,4.5,0900,,,,,
10010243,北冰洋双棒雪糕（蛋奶原味）85g,9,0900,,,,,
10020007,哈根达斯香草焦糖扁桃仁脆皮冰淇淋69g,33,0900,,,,,
10020008,哈根达斯抹茶扁桃仁脆皮冰淇淋69g,33,0900,,,,,
10020101,哈根达斯香草杯81g,33,0900,,,,,
10020102,哈根达斯草莓杯81g,33,0900,,,,,
10020105,哈根达斯牛奶太妃脆皮三明治66g,36,0900,,,,,
10020106,哈根达斯比利时巧克力冰淇淋81g,33,0900,,,,,
10020107,哈根达斯太妃麻薯杯81g,33,0900,,,,,
10020109,馋嘴猫冰糖葫芦85g,4,0900,,,,,
10010013,一毛五雪糕78g,4.5,0900,,,,,
10010016,乐天经典雪来淋雪糕芒果味135g,12.8,0900,,,,,
10010017,乐天经典雪来淋雪糕牛奶味125g,12.8,0900,,,,,
10010032,马迭尔榴莲味冰棍85g,10,0900,,,,,
10010065,可米酷抹茶味切角蛋糕120g盒,18,0900,,,,,
10010067,伊利牧场甄稀奶油核桃冰淇淋90g杯,9,0900,,,,,
10010204,八喜香草冰淇淋90g,8,0900,,,,,
10010205,八喜朗姆口味冰淇淋90g,8,0900,,,,,
10010206,八喜绿茶棒85g,7,0900,,,,,
10010207,八喜香草棒85g,7,0900,,,,,
10010210,雀巢牛奶棒牛奶味59g,4,0900,,,,,
10010212,阿波罗鲷鱼烧薄脆曲奇85g,9.9,0900,,,,,
10010216,红宝石东北大板90g,3,0900,,,,,
10010220,乐天蜜瓜味雪糕杯149g,15,0900,,,,,
10010230,阿波罗巴里千层筒冰淇淋100g,9,0900,,,,,
10010233,老鼎丰雪糕郎姆味,6.5,0900,,,,,
21010015,MaxQ无糖口香糖柠檬优格味54.6g瓶,13.9,1000,,,,,
21010036,好丽友柠檬芒果葡萄无糖口香糖110g,16.5,1000,,,,,
21010038,菲尼西瓜泡泡糖20g袋,5,1000,,,,,
21010039,菲尼网球柠檬夹心泡泡糖20g袋,5,1000,,,,,
21010061,绿箭奔涌西瓜味无糖口香糖53g随携盒,11.5,1000,,,,,
21010068,大眼萌泡泡糖18g,5.5,1000,,,,,
21010070,绿箭脆皮软心薄荷糖原味80g瓶,11.5,1000,,,,,
21010071,绿箭脆皮软心糖留兰香薄荷味80g瓶,11.5,1000,,,,,
21010072,绿箭脆皮软心糖柠檬薄荷味80g瓶,11.5,1000,,,,,
21010076,味觉诱惑脆皮果酱夹心口香糖（薄荷味）4粒盒,2,1000,,,,,
21010077,味觉诱惑脆皮果酱夹心口香糖（香橙味）4粒盒,2,1000,,,,,
21010078,味觉诱惑脆皮果酱夹心口香糖（草莓味）4粒盒,2,1000,,,,,
21010001,益达无糖热带水果12片,6.5,1000,,,,,
21010002,益达无糖薄荷12片,6.5,1000,,,,,
21010003,益达西瓜五片,3.5,1000,,,,,
21010004,绿箭五片装,2,1000,,,,,
21010005,绿箭金装薄荷12片,5.5,1000,,,,,
21010006,绿箭魅幻蓝莓味无糖口香糖12片,5.9,1000,,,,,
21010007,绿箭激酷薄荷味无糖口香糖12片,6,1000,,,,,
21010012,绿箭无糖口香糖苹果变薄荷味40粒瓶,9.8,1000,,,,,
21010017,益达无糖西柚味40粒,12,1000,,,,,
21010018,益达爽洁微粒冰柠味40粒,12,1000,,,,,
21010019,益达草本无糖40粒,11.9,1000,,,,,
21010021,益达木糖醇蜜瓜味40粒瓶,11.5,1000,,,,,
21010023,益达木糖醇口香糖西瓜40粒,11.5,1000,,,,,
21010024,益达木糖醇沁香蓝莓40粒瓶,11.5,1000,,,,,
21010025,益达木糖醇草莓40粒瓶,11.5,1000,,,,,
21010026,益达木糖醇冰凉40粒瓶,11.5,1000,,,,,
21010029,绿箭40粒瓶,9.8,1000,,,,,
21010037,好丽友粒粒花香口香糖101g,16.5,1000,,,,,
21010040,益达摇益摇木糖醇无糖清爽草莓味70粒,17.8,1000,,,,,
21010045,卡夫炫迈无糖口香糖炫动薄荷味28片盒,11.8,1000,,,,,
21010046,卡夫炫迈无糖口香糖水蜜西瓜味28片盒,11.8,1000,,,,,
21010047,卡夫炫迈无糖口香糖跃动鲜果味28片盒,11.8,1000,,,,,
21010054,卡夫清至无糖口香糖清凉薄荷40粒瓶,11.8,1000,,,,,
21010055,卡夫清至无糖口香糖清香蓝莓40粒瓶,11.8,1000,,,,,
21010059,绿箭奔涌西瓜味无糖口香糖12片,5.5,1000,,,,,
21010063,绿箭无糖薄荷糖冰柠薄荷味20粒瓶,4.5,1000,,,,,
21010064,益达无糖口香糖清爽西瓜味12片,5.5,1000,,,,,
21010065,益达摇益摇木糖醇无糖清爽西瓜味70粒瓶,17.8,1000,,,,,
21010067,卡夫炫迈无糖口香糖炫紫葡萄味28片盒,11.8,1000,,,,,
21010073,卡夫炫迈无糖夹心口香糖草莓青柠味28粒瓶,12.8,1000,,,,,
21010074,卡夫炫迈无糖夹心口香糖甜橙蓝莓味28粒瓶,12.8,1000,,,,,
21010075,卡夫炫迈无糖夹心口香糖双重薄荷味28粒瓶,12.8,1000,,,,,
21010083,益达无糖口香糖清香蜜桃味40粒瓶,11.5,1000,,,,,
21010101,绿箭酷酸草莓味35g包,6,1000,,,,,
21020003,绿箭无糖薄荷糖原味薄荷味35粒金属瓶装,10.5,1000,,,,,
21020004,绿箭无糖薄荷糖茉莉花茶味35粒金属瓶装,10.5,1000,,,,,
21020005,绿箭无糖薄荷糖留兰香薄荷味35粒金属瓶装,10.5,1000,,,,,
21020006,绿箭无糖薄荷糖冰柠檬薄荷味35粒金属瓶装,10.5,1000,,,,,
21020028,绿箭无糖薄荷糖黑加仑味35粒金属瓶装,10.5,1000,,,,,
21020029,绿箭无糖薄荷糖苹果薄荷味35粒金属瓶装,10.5,1000,,,,,
21020036,绿箭无糖薄荷糖清爽薄荷味20粒瓶,4.5,1000,,,,,
21020037,绿箭无糖薄荷糖茉莉花茶味20粒瓶,4.5,1000,,,,,
21020009,瑞奥清香荔枝薄荷糖14g盒,14.9,1100,,,,,
21020012,瑞奥清新红葡萄薄荷糖14g盒,14.9,1100,,,,,
21020013,潘高寿润喉糖56g盒,13,1100,,,,,
21020014,潘高寿川贝枇杷糖33g盒,16.5,1100,,,,,
21020015,冰力克含片糖草莓15g盒,15,1100,,,,,
21020016,冰力克含片糖黑加仑15g盒,15,1100,,,,,
21020019,养生堂清嘴含片草莓6.9g盒,6.8,1100,,,,,
21020024,广慈枇杷糖超凉薄荷味48g盒,12.6,1100,,,,,
21020025,广慈枇杷糖金桔柠檬味48g盒,12.6,1100,,,,,
21020026,广慈枇杷糖雪梨味48g盒,12.6,1100,,,,,
21020027,广慈枇杷糖原味48g盒,12.6,1100,,,,,
21020038,江中薄荷清凉糖24g盒,12.5,1100,,,,,
21020039,江中胖大海轻润糖24g盒,12.5,1100,,,,,
21020043,金嗓子喉宝都乐含片22.8g盒,15,1100,,,,,
21020044,金嗓子喉宝桑菊含片22.8g盒,15,1100,,,,,
21020059,冰力克果粉含片百香芒果味15g盒,15,1100,,,,,
21020126,都市牧场爽口含片柠檬味39g瓶,7.9,1100,,,,,
21020131,京都念慈菴金桔柠檬润喉糖60g盒,22.5,1100,,,,,
21020133,京都念慈菴柠檬草薄荷润喉糖60g盒,22.5,1100,,,,,
21020134,悠伴清口丹（柠檬丹）60g瓶,8.5,1100,,,,,
21020135,悠伴清口丹（柚子丹）60g瓶,8.5,1100,,,,,
21020136,潘高寿金银花柠檬糖 33g盒,13.5,1100,,,,,
21020138,渔夫之宝特强润喉糖原味11g盒,8,1100,,,,,
21020139,渔夫之宝特强润喉糖柠檬味（无糖）11g盒,8,1100,,,,,
21020140,王老吉枇杷糖原味41g盒,15.5,1100,,,,,
21020141,王老吉枇杷糖青柠檬荷味41g盒,15.5,1100,,,,,
23020065,酷滋咀嚼压片糖野莓味21g盒,12,1100,,,,,
23020066,酷滋咀嚼压片糖水蜜桃味21g盒,12,1100,,,,,
23020067,酷滋咀嚼压片糖柠檬味21g盒,12,1100,,,,,
27020082,都市牧场爽口含片正梅味38g盒,7.9,1100,,,,,
27020083,都市牧场爽口含片西瓜味38g盒,7.9,1100,,,,,
21020018,王老吉润喉糖56g,12.5,1100,,,,,
21020020,养生堂清嘴含片柠檬6.9g盒,6.8,1100,,,,,
21020049,陈李济罗汉果喉糖28.8g盒,13,1100,,,,,
22010007,德芙黑巧克力80g,14.8,1201,,,,,
22010014,费列罗三粒装,11.5,1201,,,,,
22010016,费列罗八粒装,47.5,1201,,,,,
22010017,费列罗十六粒装,64,1201,,,,,
22010021,健达缤纷乐牛奶榛果威化巧克力T2 43g,8.9,1201,,,,,
22010023,德芙丝滑牛奶巧克力80g,14.8,1201,,,,,
22010025,好时黑巧克力板块40g,8.8,1201,,,,,
22010026,好时牛奶巧克力板块40g,8.8,1201,,,,,
22010027,好时曲奇白巧克力板块40g,8.8,1201,,,,,
22010029,不二家双棒巧克力24g2支装,14.5,1201,,,,,
22010034,健达康脆麦牛奶谷物夹心巧克力T1 23.5g,5,1201,,,,,
22010037,好时巧珍珠扁桃仁牛奶巧克力60g盒,24,1201,,,,,
22010044,健达奇趣蛋男孩版20g,9.9,1201,,,,,
22010045,健达奇趣蛋女孩版3只装60g盒,26.8,1201,,,,,
22010046,健达奇趣蛋男孩版3只装60g盒,26.8,1201,,,,,
22010059,克特多金象纯味巧克力47g条,11.5,1201,,,,,
22010061,德芙脆米香脆米心牛奶巧克力48g盒装,7.8,1201,,,,,
22010074,好时巧珍珠曲奇奶香白巧克力60g盒,24,1201,,,,,
22010079,明治雪吻巧克力卡布奇诺口味33g盒,11.5,1201,,,,,
22010080,明治雪吻巧克力绿茶口味33g盒,11.5,1201,,,,,
22010102,松尾巧克力多彩粒54g,16.8,1201,,,,,
22010115,德芙奶香白巧克力43克,8.5,1201,,,,,
22010185,明治香蕉巧克力10g袋,2,1201,,,,,
22010199,瑞士三角牛奶巧克力50g,11.5,1201,,,,,
22010232,可力健脆米夹心焦糖棒45g块,5.9,1201,,,,,
22010233,可力健花生夹心焦糖棒50g块,5.9,1201,,,,,
22010234,可力健松脆夹心焦糖棒50g块,5.9,1201,,,,,
22010235,明治巴旦木夹心黑巧克力80g盒,19.5,1201,,,,,
22010236,明治巴旦木夹心巧克力80g盒,19.5,1201,,,,,
22010237,明治雪吻巧克力可可味33g,11.5,1201,,,,,
22010238,明治雪吻巧克力草莓味33g盒,11.5,1201,,,,,
22010239,苔丝50%黑巧克力（生日礼盒）100g,42.5,1201,,,,,
22010240,苔丝50%黑巧克力（玫瑰礼盒）100g,42.5,1201,,,,,
22010243,好时之吻牛奶巧克力82g袋,19.5,1201,,,,,
22010244,好时之吻黑巧克力82g袋,19.5,1201,,,,,
22010245,好时之吻曲奇奶香白巧克力82g袋,19.5,1201,,,,,
22010246,好时曲奇牛奶巧克力40g块,8.8,1201,,,,,
22010251,妙卡融情黑巧克力40g条,9,1201,,,,,
22010252,妙卡融情牛奶巧克力40g条,9,1201,,,,,
22010253,妙卡榛仁融情牛奶巧克力78g盒,19,1201,,,,,
22010254,妙卡醇乳夹心融情牛奶巧克力81g盒,19,1201,,,,,
22010256,妙卡榛仁牛奶巧克力36.5g块,9,1201,,,,,
22010259,雅可蹦蹦椰蓉威化夹心巧克力15g块,1.5,1201,,,,,
22010267,德芙尊幕朗姆酒黑巧自享装35g盒,13.5,1201,,,,,
22010268,德芙尊幕提拉米苏黑巧自享装35g盒,13.5,1201,,,,,
22020034,M&M'S礼品豆人(花生)148.5克,95,1201,,,,,
22020041,芙列浓松露醇黑巧克力100g盒,14.8,1201,,,,,
22020042,芙列浓松露抹茶味巧克力100g盒,14.8,1201,,,,,
22020043,M&M′s俏皮爱礼盒135g盒,64.8,1201,,,,,
22020047,拉斐尔脆雪柔椰蓉扁桃仁糖果酥球七粒装70g盒,25,1201,,,,,
22020048,M&M′S牛奶巧克力豆（MM糖果玩具）13g个,32.9,1201,,,,,
22020049,M&M′S牛奶巧克力豆（5寸玩具糖果机）13g个,32.9,1201,,,,,
22010008,德芙牛奶巧克力43g,8.5,1201,,,,,
22010009,德芙黑巧克力43g,8.5,1201,,,,,
22010010,德芙榛子巧克力43g,8.5,1201,,,,,
22010011,MMs牛奶巧克力豆100g瓶,16.5,1201,,,,,
22010012,MMs花生巧克力豆100g瓶,16.5,1201,,,,,
22010013,士力架花生70g,6,1201,,,,,
22010020,健达牛奶巧克力T4 50g,8.6,1201,,,,,
22010022,德芙巧丝威化巧克力袋22.5g,3,1201,,,,,
22010031,士力架花生51g,5,1201,,,,,
22010035,雅可蹦蹦夹心巧克力15g,1.5,1201,,,,,
22010041,德芙果仁巧克力43g,8.5,1201,,,,,
22010043,健达奇趣蛋女孩版20g,9.9,1201,,,,,
22010062,MM巧克力牛奶40g袋,5,1201,,,,,
22010063,MM花生巧克力40g袋,5,1201,,,,,
22010064,梁丰麦丽素80g袋,4.5,1201,,,,,
22010117,德芙便携罐装小巧粒牛奶42克,18,1201,,,,,
22010118,德芙便携罐装小巧粒黑巧42克,18,1201,,,,,
22010119,脆香米牛奶巧克力24克,3,1201,,,,,
22010120,脆香米奶香白巧克力24g,3,1201,,,,,
22010121,MMs牛奶巧克力豆30.6克,7.5,1201,,,,,
22010122,士力架花生20克,2.5,1201,,,,,
22010123,德芙牛奶巧克力14克,2,1201,,,,,
22010220,雅可蹦蹦花生慕斯夹心巧克力15g,1.5,1201,,,,,
22010227,德芙蓝莓黑巧克力30g袋,9.9,1201,,,,,
22010228,德芙蔓越莓黑巧克力30g袋,9.9,1201,,,,,
22010229,德芙柠檬曲奇白巧克力42g条,9.5,1201,,,,,
22010230,德芙抹茶曲奇白巧克力42g条,9.5,1201,,,,,
22010231,德芙草莓曲奇白巧克力42g条,9.5,1201,,,,,
22020033,M&M'S礼品豆人(牛奶)148.5克,95,1201,,,,,
27010001,怡达山楂球22g条,1.5,1202,,,,,
27010002,优之品撮山楂片160g袋,11.6,1202,,,,,
27010003,鲜引力草莓果干35g,6.8,1202,,,,,
27010007,鲜引力柠檬片16g,4,1202,,,,,
27010009,鲜引力金橙片16g,4.8,1202,,,,,
27010010,宿务芒果干100g袋,19,1202,,,,,
27010011,金晔山楂条260g袋,13.5,1202,,,,,
27010019,金晔蓝莓山楂宝200g袋,13.5,1202,,,,,
27010020,西湖梅园红糖梅干15g袋,4,1202,,,,,
27010026,味之感动话梅条95g,7.8,1202,,,,,
27010027,味之感动杨梅140g,7.8,1202,,,,,
27010044,克恩兹香脆椰子片原味40g袋,7.8,1202,,,,,
27010046,怡达山楂条260g,10.9,1202,,,,,
27010065,四季屋香烤椰片30g袋,5.5,1202,,,,,
27010068,四季屋蔓越莓26g,5.5,1202,,,,,
27010073,雾岭山本色山楂球180g袋,10.5,1202,,,,,
27010074,雾岭山本色果丹皮190g袋,10.5,1202,,,,,
27010076,车厘公主樱桃干50g袋,13.8,1202,,,,,
27010078,西贡小姐热带水果综合果干60g袋,14.8,1202,,,,,
27010079,西贡小姐木瓜干60g袋,14.8,1202,,,,,
27010080,西贡小姐哈密瓜干60g袋,14.8,1202,,,,,
27020002,优之品撮化核情人梅120g袋,13.8,1202,,,,,
27020004,佳信茶香梅85g袋,4,1202,,,,,
27020005,佳信无花果60g袋,4,1202,,,,,
27020006,洱宝话梅80g袋,6,1202,,,,,
27020008,同享九制话梅120g,7,1202,,,,,
27020009,同享九制梅肉110g,7.5,1202,,,,,
27020011,食尚经典甘甜话梅皇110g,15.5,1202,,,,,
27020012,梅饴馆蜂蜜老梅干55g瓶,16.5,1202,,,,,
27020013,梅饴馆黑糖老梅干55g瓶,16.5,1202,,,,,
27020018,果之恋蜂蜜杨梅90g袋,5.5,1202,,,,,
27020019,果之恋台式话梅60g袋,5.5,1202,,,,,
27020020,果之恋西梅70g袋,5.5,1202,,,,,
27020023,如水新疆葡萄干100g袋,7,1202,,,,,
27020031,西湖梅园话梅片20g袋,4,1202,,,,,
27020032,果之恋韩式话梅80g袋,5.5,1202,,,,,
27020033,果之恋盐津葡萄90g袋,5.5,1202,,,,,
27020035,果之恋台式话梅120g瓶,15.9,1202,,,,,
27020036,果之恋黑加仑220g瓶,15.9,1202,,,,,
27020037,果之恋酸甜杏脯200g瓶,15.9,1202,,,,,
27020041,佳宝无花果24g瓶,4,1202,,,,,
27020045,百草味水晶柠檬片48g袋,9.9,1202,,,,,
27020047,百草味草莓干48g袋,9.9,1202,,,,,
27020048,百草味蔓越莓干60g袋,9.9,1202,,,,,
27020062,果园老农葡萄干118g,12.9,1202,,,,,
27020077,小梅屋蜂蜜味梅饼80g袋,16.8,1202,,,,,
27020089,四季屋蜜恋西梅42g袋,5.5,1202,,,,,
27020090,四季屋江南茶梅42g袋,5.5,1202,,,,,
27020093,赛味馆美国樱桃300g盒,39,1202,,,,,
27020094,优之品撮八珍话梅70g袋,13.2,1202,,,,,
27010005,怡达山楂羹300g,10,1202,,,,,
27010006,怡达果丹皮200g,6.9,1202,,,,,
27010047,怡达山楂酪200g,8.9,1202,,,,,
27020022,如水美国西梅90g袋,9.9,1202,,,,,
27020058,溜溜梅清梅60g袋,5,1202,,,,,
27020061,果园老农北美蔓越莓干68g,12.8,1202,,,,,
27020069,溜溜梅乌梅60g袋,5,1202,,,,,
28010002,养生堂母亲牛肉棒香烤味22g,7.5,1203,,,,,
28010004,金角老四川麻辣牛肉100g,21,1203,,,,,
28010006,康利十佳牛肉干原味46g袋,8.9,1203,,,,,
28010007,康利十佳牛肉干沙爹味55g袋,11.9,1203,,,,,
28010014,周黑鸭鸭翅115g袋,19.9,1203,,,,,
28010015,周黑鸭鸭脖115g袋,19.9,1203,,,,,
28010021,有友泡椒凤爪100g,7.5,1203,,,,,
28010023,品品凤爪独立包清爽山椒味168g袋,15.5,1203,,,,,
28010028,自然派炭烧鱿鱼丝50g袋,14.5,1203,,,,,
28010036,童仔鹌鹑蛋140g袋,10.9,1203,,,,,
28010039,金角老四川五香牛肉干48g,12.8,1203,,,,,
28010046,尹家沟帮子香薰鸡爪32g,2.5,1203,,,,,
28010047,尹家沟帮子辣味鸡爪25g,2.5,1203,,,,,
28010048,尹家沟帮子香薰鸡脖32g,2,1203,,,,,
28010049,尹家沟帮子辣味鸡脖32g,2,1203,,,,,
28010051,尹家沟帮子熏鸡腿70g,7,1203,,,,,
28010054,赛高牛板筋辣小子8.5g袋,1,1203,,,,,
28010072,湖湘贡劲舞鸭脖香辣味60g袋,7.5,1203,,,,,
28010084,哈尔滨红肠传统型90g袋,9.9,1203,,,,,
28010119,尚上坊麻辣味牛板筋108g,12.9,1203,,,,,
28010130,金角老四川五香牛肉干68g袋,19.8,1203,,,,,
28010131,金角老四川五香牛肉干138g袋,38.9,1203,,,,,
28010132,金角老四川香辣牛肉干100g袋,29.8,1203,,,,,
28010137,真之味日式秋刀鱼五香味55g袋,7.5,1203,,,,,
28010138,真之味日式秋刀鱼香辣味55g袋,7.5,1203,,,,,
28010147,时选沙爹猪肉脯80g袋,18.5,1203,,,,,
28010150,一块有态度的牛肉原味果木烤牛肉35g袋,17.8,1203,,,,,
28010151,一块有态度的牛肉秘辣味港烧牛肉35g袋,17.8,1203,,,,,
28010153,啃馋你酱烤原味小鸡腿42g袋,7,1203,,,,,
28010155,啃馋你酱烤原味鸭脖48g袋,7,1203,,,,,
28010156,啃馋你烤鸭翅根原味70g袋,7,1203,,,,,
28010163,真之味日式秋刀鱼经典酸爽味55g袋,7.5,1203,,,,,
28010164,真之味日式秋刀鱼黑胡椒味55g袋,7.5,1203,,,,,
28010165,湖湘贡劲舞鸭脖60g（酱板味）袋,7.5,1203,,,,,
28010202,品品手选牛板筋麻辣味75g袋,10.8,1203,,,,,
28010203,品品手选牛板筋烧烤味75g袋,10.8,1203,,,,,
28010204,时选沙爹牛肉脯80g袋,18.5,1203,,,,,
28010402,旭日峡谷烧烤味鱿鱼丝30g袋,9.8,1203,,,,,
28010403,四季屋纯香猪肉干30g,6.8,1203,,,,,
28010405,波拉波拉炭秘奥尔良炭烤脆骨肠56g袋,9.9,1203,,,,,
28010406,波拉波拉炭秘川香辣味炭火烤肠56g袋,9.9,1203,,,,,
28010003,金角老四川山椒牛肉100g,21,1203,,,,,
28010022,有友山椒凤爪180g,14,1203,,,,,
28010030,老川东麻辣牛肉68g袋,9.9,1203,,,,,
28010052,老川东灯影牛肉丝麻辣味65g袋,13.8,1203,,,,,
23020004,不二家8支装牛奶棒糖小袋,7.2,1204,,,,,
23020008,浣花黑糖棒棒糖140g,13.9,1204,,,,,
23020010,宝奴咪毛毛虫橡皮糖150g,9.9,1204,,,,,
23020011,宝奴咪酸沙彩虫橡皮糖150g,9.9,1204,,,,,
23020012,优之品撮光身橡皮糖什锦120g,12,1204,,,,,
23020016,大白兔原味奶糖227g袋,15.5,1204,,,,,
23020045,哈瑞宝金熊可乐味橡皮糖45g袋,4.5,1204,,,,,
23020048,HELLO KITTY炫彩风扇糖果6g,29.9,1204,,,,,
23020052,爱亿华蓝莓夹心棉花糖90g袋,7.9,1204,,,,,
23020053,爱亿华云云棉花糖110g袋,10,1204,,,,,
23020063,酷滋咀嚼压片糖柠檬味52g瓶,13,1204,,,,,
23020072,怡可诺水果味手造花糖50g袋,9.9,1204,,,,,
23020076,怡可诺水果味手造花糖70g瓶,14.9,1204,,,,,
23020085,U100牌酸奶味石头糖70g袋,8.8,1204,,,,,
23020088,春光特制椰子糖120g袋,7.5,1204,,,,,
23020092,宝奴咪酸桃心橡皮糖150g袋,9.9,1204,,,,,
23020097,小黄人礼品包15g袋,12,1204,,,,,
23020104,帕克大叔麦芽棒棒糖9g,2.5,1204,,,,,
23020132,哆啦A梦哈Q糖草莓味45g,18,1204,,,,,
23020133,哆啦A梦脆皮软糖葡萄味45g,18,1204,,,,,
23020158,奥本尼斯熊形果味软糖141g袋,17,1204,,,,,
23020159,奥本尼斯酸迷你QQ虫软糖141g袋,17,1204,,,,,
23020163,宝奴咪手造动物棒棒糖55g袋,9.9,1204,,,,,
23020181,酷滋咀嚼压片糖荔枝味21g盒,12,1204,,,,,
23020187,宝奴咪水果味棒棒糖80g袋,11.8,1204,,,,,
23020188,宝奴咪可可水果味棒棒糖80g袋,11.8,1204,,,,,
23020195,彩虹糖果莓味40g袋,4.5,1204,,,,,
23020196,彩虹糖原果味45g袋,4.5,1204,,,,,
23020198,匠工水晶酸砂棒棒糖60g个,16.8,1204,,,,,
23020199,匠工纸杯蛋糕造型糖60g个,16.8,1204,,,,,
23020202,优之品撮双层什锦橡皮糖120g袋,11.8,1204,,,,,
23020203,优之品撮夹心什锦棉花糖70g袋,8.8,1204,,,,,
23020204,匠工卡通造型糖55g个,16.8,1204,,,,,
23020206,阿麦斯靴子软糖150g个,28.8,1204,,,,,
23020208,意大利佳乐锭牛奶糖（原味）100g袋,28,1204,,,,,
23020209,意大利佳乐锭牛奶糖（草莓味）100g袋,29,1204,,,,,
23020409,四季屋幸运星118g,15,1204,,,,,
23020412,爱亿华草莓夹心棉花糖90g袋,7.9,1204,,,,,
23020001,彩虹果汁糖30g小瓶,5,1204,,,,,
23020002,彩虹果汁糖120g瓶,12.5,1204,,,,,
23020003,不二家8支装果味棒糖小袋,7.2,1204,,,,,
23020093,宝奴咪水果圈圈橡皮糖150g袋,9.9,1204,,,,,
23020302,不二家棒棒糖美梅味8支,9.9,1204,,,,,
24010014,康元提子饼200g,13.2,1205,,,,,
24010037,皇冠丹麦曲奇饼干90g盒,11.9,1205,,,,,
24010043,嘉顿香葱薄饼100g盒,10,1205,,,,,
24010052,丽芝士纳宝帝奶酪威化饼干200g盒,1.5,1205,,,,,
24010056,自然素材牛奶格子饼干90g,14.8,1205,,,,,
24010057,自然素材美味黑糖饼干105g,14.8,1205,,,,,
24010059,谷优金黄脆饼干200g,9.9,1205,,,,,
24010060,波路梦普奇黄油饼干56g,5.8,1205,,,,,
24010069,康师傅蛋黄也酥酥30g袋,3,1205,,,,,
24010080,爱时乐香草牛奶味威化卷心酥50g盒,6.8,1205,,,,,
24010115,卡夫焙朗早餐饼50g坚果蜂蜜味,4.5,1205,,,,,
24010116,卡夫焙朗早餐饼50g混合莓果味,4.5,1205,,,,,
24010118,爱莲巧牛奶味饼干190g,12.8,1205,,,,,
24010136,利拉比利时风味黑糖饼干100g,5,1205,,,,,
24010140,自然素材特浓黑糖牛奶口袋饼干180g,35,1205,,,,,
24010146,杰美诺香草味花朵心形饼干150g,9.9,1205,,,,,
24010150,煮雨颜文字君法式小松饼（芒果&巧克力）80g,11.8,1205,,,,,
24010171,自然之颜紫菜苏打饼干140g,16.8,1205,,,,,
24010189,NEO牌Q米豆蓉饼干80g袋,17.9,1205,,,,,
24010194,芭米手工牛轧饼香葱味148g盒,13.9,1205,,,,,
24010195,芭米手工牛轧饼奶盐味148g盒,13.9,1205,,,,,
24010196,Canute原味曲奇饼干45g袋,13.8,1205,,,,,
24010197,Canute黑巧克力味曲奇饼干45g袋,13.8,1205,,,,,
24010199,南益巧克力粒饼干70g袋,6.9,1205,,,,,
24010205,伯力爵椰蓉味烘烤糕点50g盒,9.9,1205,,,,,
24010206,法丽兹曲奇饼干醇香黑巧克力味115g盒,9.9,1205,,,,,
24010207,法丽兹曲奇饼干抹茶慕斯巧克力味115g盒,9.9,1205,,,,,
24010213,日清麦麸无糖饼干90g盒,6,1205,,,,,
24010214,日清麦麸高纤维饼干90g盒,6,1205,,,,,
24010221,卡贝罗数字形巧克力谷物饼干300g袋,29.8,1205,,,,,
24010222,卡贝罗字母形巧克力榛子谷物饼干300g袋,29.8,1205,,,,,
24010225,明治熊猫巧克力夹心饼干50g盒,12.5,1205,,,,,
24010226,明治熊猫草莓夹心饼干50g盒,12.5,1205,,,,,
24010227,明治熊猫奶油夹心饼干50g盒,12.5,1205,,,,,
24010228,明治熊猫双重巧克力夹心饼干50g盒,12.5,1205,,,,,
24010229,明治薄脆饼干104g盒,19.9,1205,,,,,
24010230,明治燕麦饼干104g盒,19.9,1205,,,,,
24020004,今麦林千层酥塔杏仁味95g袋,10.8,1205,,,,,
24020010,今麦林卡思提亚抹茶蛋糕76g袋,7.8,1205,,,,,
24020013,今麦林卡思提亚芝士蛋糕76g袋,7.8,1205,,,,,
24020015,友臣金丝肉松饼68g盒,5.5,1205,,,,,
24020016,蘇格格吧噔蛋糕原味160g袋,11.8,1205,,,,,
24020017,蘇格格吧噔蛋糕蔓越莓味160g袋,11.8,1205,,,,,
24020040,马奇新新妙乐香草味威化饼干90g袋,9.9,1205,,,,,
24020054,黄金兴绿豆饼200g,7.9,1205,,,,,
24020055,黄金兴椒盐黑芝麻饼200g,7.9,1205,,,,,
24020056,黄金兴醇香栗子饼200g,7.9,1205,,,,,
24020060,新富町威化饼干榛子味100g袋,15.8,1205,,,,,
24020068,三特覆盆子香草脆谷物棒40g,5.8,1205,,,,,
24020080,康师傅妙芙法式蛋糕浓情巧克力味100g盒,8.5,1205,,,,,
24020081,康师傅妙芙法式蛋糕牛奶红豆味100g盒,8.5,1205,,,,,
24020085,名师牌碎巧克力口味蛋糕400g袋,33,1205,,,,,
24020090,慕思雪芙蛋糕原味60g盒,5,1205,,,,,
24020091,慕思雪芙蛋糕柠檬味60g盒,5,1205,,,,,
24020094,波路梦迷你蛋糕卷牛奶味70g袋,7.8,1205,,,,,
24020095,波路梦迷你蛋糕卷巧克力味70g袋,7.8,1205,,,,,
24020098,徐福记厚切凤梨酥（凤梨味）126g盒,11.5,1205,,,,,
24020099,徐福记厚切凤梨酥（芒果味）126g盒,11.5,1205,,,,,
24020104,欧倍水果果仁什锦谷物棒28g条,5.8,1205,,,,,
24020105,欧倍草莓酸乳味什锦谷物棒27.5g条,5.8,1205,,,,,
24020110,嘉顿威化饼干草莓味50g袋,3.8,1205,,,,,
24020112,福味手工麻花捲芝麻味118g袋,17.8,1205,,,,,
24020118,新富町威化状饼干（焦糖牛奶味）100g袋,15.8,1205,,,,,
24020120,Vetrue梳打威化夹心饼干（柠檬味）108g盒,8.5,1205,,,,,
24030006,康师傅蛋酥卷芝麻口味108g盒,9,1205,,,,,
24030013,精典泰迪奶油味曲奇饼干113g盒,15,1205,,,,,
24030014,精典泰迪巧克力曲奇饼干113g盒,15,1205,,,,,
24030015,精典泰迪抹茶味曲奇饼干113g盒,15,1205,,,,,
24010001,格力高百奇巧克力60g盒,6.5,1205,,,,,
24010002,格力高百醇抹茶慕斯48g盒,7.5,1205,,,,,
24010004,康师傅3+2奶油夹心125g袋,6.3,1205,,,,,
24010005,康师傅甜酥榛子巧克力80g袋,4.5,1205,,,,,
24010006,康师傅咸酥醇香奶油80g袋,4.5,1205,,,,,
24010007,康师傅3+2柠檬苏打夹心125g袋,6.3,1205,,,,,
24010008,卡夫奥利奥巧克力夹心饼干130g,6.8,1205,,,,,
24010009,卡夫奥利奥原味夹心饼干130g,6.6,1205,,,,,
24010010,卡夫太平梳打香葱口味100g,3.8,1205,,,,,
24010011,卡夫太平梳打奶盐口味100g,3.8,1205,,,,,
24010012,卡夫乐之原味100g,4.5,1205,,,,,
24010015,卡夫富丽原味薄片100g,4.5,1205,,,,,
24010017,康元椰子饼200g,9.9,1205,,,,,
24010019,格力高百醇草莓香草味48g,8,1205,,,,,
24010020,格力高百醇牛奶味48g,7.5,1205,,,,,
24010022,和情焦糖饼干250g袋,22.5,1205,,,,,
24010027,小林吉祥煎饼115g盒,13,1205,,,,,
24010029,巴拿米手工蔓越莓西饼150g袋,14,1205,,,,,
24010053,丽芝士雅嘉奶酪玉米棒400g盒,2,1205,,,,,
24010109,乐天草莓夹心小熊饼49g,5,1205,,,,,
24010110,乐天卡布奇诺小熊饼49g,5,1205,,,,,
24010111,乐天朱古力小熊饼49g,5,1205,,,,,
24010123,趣多多巧克力味曲奇饼干95g,6,1205,,,,,
24010124,奥利奥巧心结浓情巧克力味47g,6,1205,,,,,
24010125,奥利奥巧心结柔滑香草慕斯味47g,6,1205,,,,,
24010141,自然素材特浓牛奶棒饼干180g,35,1205,,,,,
24010142,宝乐友芝麻棒饼干155g,29.9,1205,,,,,
24010145,杰美诺可可味花朵心形饼干150g,9.9,1205,,,,,
24010190,碱体达人苏打饼干葱香排骨味200g袋,7.9,1205,,,,,
24010198,德尔菲奶酪味威化饼干20g个,1.8,1205,,,,,
24010201,曼妃曲奇蔓越莓味200g袋,13.5,1205,,,,,
24020002,好丽友巧克力派两粒装68g,4,1205,,,,,
24020003,嘉顿威化牛奶味200g,9.9,1205,,,,,
24020007,蘇格格王小利黄金肉松饼原味70g袋,5,1205,,,,,
24020008,精益珍黑糖沙琪玛42g袋,2,1205,,,,,
24020009,光明金丝肉松饼148g袋,7.8,1205,,,,,
24020020,徐福记凤梨酥184g,11,1205,,,,,
24020023,康师傅妙芙蛋糕奶油味96g盒,7.5,1205,,,,,
24020024,康师傅妙芙蛋糕巧克力味96g盒,7.5,1205,,,,,
24020030,六合信年轮蛋糕80g袋,8.9,1205,,,,,
24020043,丹夫原味华夫饼56g袋,5,1205,,,,,
24020204,康师傅妙芙阳光早餐蛋糕96g盒,8.5,1205,,,,,
25010020,品客浓香奶酪味薯片110g桶,11.5,1206,,,,,
25010041,乐事孜然爆羊排味薯片75g袋,6.2,1206,,,,,
25010058,克恩兹原味木薯片150g袋,19.8,1206,,,,,
25010059,克恩兹黑胡椒味木薯片150g袋,19.8,1206,,,,,
25010060,克恩兹巴厘辣味木薯片150g袋,19.8,1206,,,,,
25010066,圣卡罗传统番茄风味薯片150g,28.5,1206,,,,,
25010079,BIKA 鸡味香薯片70g,8.8,1206,,,,,
25010082,洽洽薯浪香浓番茄味50g,4.2,1206,,,,,
25010088,克恩兹原味玉米片170g袋,28.5,1206,,,,,
25010093,维森特比达尔蘑菇奶油味薯片120g袋,19.9,1206,,,,,
25010094,维森特比达尔东京风味薯片120g,19.9,1206,,,,,
25010095,赠品乐事大波浪薯片（15g）,0,1206,,,,,
25020004,多力多滋烟熏烤味玉米片65g,11.5,1206,,,,,
25020007,奇奥原味玉米片125g,19.9,1206,,,,,
25020018,爱莎罗餐厅风味三角玉米片369g袋,32,1206,,,,,
25020022,多力多滋烟熏烧烤味玉米片198.4g袋,28.5,1206,,,,,
25030005,咪咪世界蟹味酥82g袋,4.5,1206,,,,,
25030006,咪咪世界虾味条82g袋,4.5,1206,,,,,
25030009,Lipo蛋奶酥脆面包干135g袋,13.5,1206,,,,,
25030010,妙妙鱿鱼卷60g袋,8.9,1206,,,,,
25030011,妙妙鸡味片60g袋,8.9,1206,,,,,
25030015,家缘好吃点锅巴孜然102g袋,3.5,1206,,,,,
25030021,张君雅拉面条饼65g,9.8,1206,,,,,
25030025,Papa通虾片原味袋装85g,15.8,1206,,,,,
25030046,三美先生起士圈70g袋,8.5,1206,,,,,
25030052,韩美禾啵乐乐空心卷70g袋,16.9,1206,,,,,
25030075,满地可蔬菜鸡肉圈55g袋,4.5,1206,,,,,
25030076,施耐德普莱面包酥片-墨西哥胡椒味56g,9.9,1206,,,,,
25030091,抱抱堂爆米花焦糖味100g瓶,12.9,1206,,,,,
25030092,抱抱堂爆米花奶油味100g瓶,12.9,1206,,,,,
25030120,妈咪虾条60g,5,1206,,,,,
25030157,小老板脆紫菜辣香味32g袋,12.8,1206,,,,,
25030158,小老板脆紫菜经典味32g袋,12.8,1206,,,,,
25030159,奥嘉莱印尼蟹片甜辣味30g袋,7.5,1206,,,,,
25030161,啪啪通虾片烤番茄味85g袋,18.5,1206,,,,,
25030162,啪啪通虾片切达奶酪味85g袋,18.5,1206,,,,,
25030163,奥嘉莱印尼蟹片烤蟹味30g袋,7.5,1206,,,,,
25030164,啵乐乐海苔12g袋,10.8,1206,,,,,
25030165,可乐果原味豌豆酥63g袋,9.8,1206,,,,,
25030168,乖乖炼乳弯脆果52g袋,10.8,1206,,,,,
25030169,乖乖五香味玉米脆条52g袋,10.8,1206,,,,,
25030170,卧龙锅巴（五香味）200g袋,12.8,1206,,,,,
25010001,乐事无限嘬指红烧肉味104g桶,8.9,1206,,,,,
25010002,乐事清爽黄瓜味70g袋,6.2,1206,,,,,
25010005,好丽友好友趣韩国泡菜75g袋,6,1206,,,,,
25010006,乐事天然原味薯片70g袋,6.2,1206,,,,,
25010007,乐事意大利红烩70g袋,6.2,1206,,,,,
25010008,乐事得克萨斯烧烤味75g袋,6.2,1206,,,,,
25010009,乐事无限嗞嗞烤肉味104g桶,8.9,1206,,,,,
25010015,好丽友薯愿香烤原味薯片104g桶,9,1206,,,,,
25010016,好丽友薯愿红酒牛排薯片104g桶,9,1206,,,,,
25010017,乐事无限忠于原味104g桶,8.9,1206,,,,,
25010021,品客酸乳酪洋葱味薯片110g桶,11.5,1206,,,,,
25010026,上好佳荷兰豆55g,3.5,1206,,,,,
25010027,上好佳鲜虾片40g,3.5,1206,,,,,
25010030,奇多日式牛排味栗米棒68g,4,1206,,,,,
25010031,奇多美式火鸡味栗米棒68g,4,1206,,,,,
25010039,乐事铁板鱿鱼味大波浪薯片70g袋,6.5,1206,,,,,
25010040,乐事香脆烤鸡翅味大波浪薯片70g袋,6.5,1206,,,,,
25010061,上好佳洋葱圈40g袋,4,1206,,,,,
25010070,乐事逗乐薯烤肉味70g袋,6.8,1206,,,,,
25010071,乐事逗乐薯番茄味70g袋,6.8,1206,,,,,
25010080,BIKA 菜味香薯片70g,8.8,1206,,,,,
25010091,乐事大波浪薯片辛辣味70g袋,6.5,1206,,,,,
25010092,乐事大波浪薯片碳烤五花肉味70g袋,6.5,1206,,,,,
25010203,超友味香脆薯条原味90g袋,14.8,1206,,,,,
25020005,多力多滋超浓缩芝士味玉米片65g,11.5,1206,,,,,
25030013,旺旺雪饼84g袋,6,1206,,,,,
25030014,家缘好吃点锅巴麻辣102g袋,3.5,1206,,,,,
25030017,新家园烤馍锅巴香辣鸡肉75g袋,2,1206,,,,,
25030018,张君雅巧克力甜甜圈45g,9.8,1206,,,,,
25030019,张君雅日式丸子80g,9.8,1206,,,,,
25030020,张君雅碳烤鸡汁点心面100g,9.8,1206,,,,,
25030021,张君雅拉面条饼65g,9.8,1206,,,,,
25030024,上好佳巧兹圈巧克力45g,4,1206,,,,,
25030027,四洲原味虾条70g桶,11.8,1206,,,,,
25030056,旺旺小小酥黑胡椒味60g袋,4,1206,,,,,
25030057,旺旺挑逗豌豆45g袋,3,1206,,,,,
25030058,旺旺挑逗脆皮花生50g袋,3,1206,,,,,
25030059,泡吧小脆烧烤味50G,3.5,1206,,,,,
25030060,泡吧小脆原味50G,3.5,1206,,,,,
25030407,乐事真脆薯条原味40g,6.9,1206,,,,,
25030408,乐事真脆薯条番茄味40g,6.9,1206,,,,,
24020206,张二嘎兰花豆120g袋,5,1207,,,,,
26020001,东宝蜂蜜花生108g,6,1207,,,,,
26020004,百世兴酒鬼花生原味100g袋,5.2,1207,,,,,
26020008,东宝椒盐花生108g袋,6,1207,,,,,
26020009,东宝烤红衣花生108g袋,6,1207,,,,,
26020018,马林五香南乳花生130g袋,7.5,1207,,,,,
26020022,可居蒜茸味吊炉花生袋,7.9,1207,,,,,
26020023,张二噶香瓜子150g袋,5.5,1207,,,,,
26020034,马林蒜香南乳花生130g袋,7.5,1207,,,,,
26020080,恒康瓜子椒盐味200g袋,10,1207,,,,,
26020083,如水鱼皮花生200g袋,14.5,1207,,,,,
26020084,如水南瓜子仁100g袋,25.8,1207,,,,,
26020087,洽洽原香瓜子200g袋,8.9,1207,,,,,
26020090,徽记蜜汁山核桃味瓜子195g袋,12.8,1207,,,,,
26020091,徽记黑糖海盐味瓜子195g,12.8,1207,,,,,
26020002,甘源蟹黄蚕豆片75g袋,4.5,1207,,,,,
26020003,甘源蟹黄瓜子仁75g袋,4.5,1207,,,,,
26020005,老奶奶花生180g袋,8,1207,,,,,
26020006,黄飞红麻辣花生110g小袋,8,1207,,,,,
26020007,黄飞红麻辣花生210g大袋,14,1207,,,,,
26020020,洽洽香瓜子160g袋,7,1207,,,,,
26020021,金鸽葵花籽260g袋,11.8,1207,,,,,
26020029,栗源甘栗仁68g袋,9,1207,,,,,
26020038,正林瓜子225 g,9.5,1207,,,,,
26020060,洽洽焦糖瓜子108g袋,8.5,1207,,,,,
26020061,洽洽山核桃味瓜子108g袋,8.5,1207,,,,,
26020082,老奶奶花生米142g袋,6.8,1207,,,,,
26020089,洽洽皇葵瓜子黑糖味110g袋,9.9,1207,,,,,
26010001,恒康蜂蜜核桃仁125g袋,22.5,1208,,,,,
26010004,恒康香酥腰果120g袋,25,1208,,,,,
26010006,如水盐焗腰果100g袋,20,1208,,,,,
26010010,沃隆每日坚果25g （A）,6.5,1208,,,,,
26010011,沃隆每日坚果25g （B）,6.5,1208,,,,,
26010017,洽洽撞果仁黑糖碧根果仁40g袋,12.8,1208,,,,,
26010025,百草味巴旦木108g袋,18.9,1208,,,,,
26010027,百草味夏威夷果108g袋,17.9,1208,,,,,
26010047,洽洽撞果仁蜂蜜黄油巴旦木40g袋,11.5,1208,,,,,
26010048,洽洽撞果仁芥末巴旦木40g袋,11.5,1208,,,,,
26010049,如水榛子仁100g袋,33.8,1208,,,,,
26010050,赛味馆美国开心果120g袋,24.5,1208,,,,,
26010051,赛味馆碳烤腰果120g袋,24.5,1208,,,,,
26010052,赛味馆美国扁桃仁120g袋,24.5,1208,,,,,
26010053,汤姆农场芥末味扁桃仁35g袋,9.9,1208,,,,,
26010054,汤姆农场焦糖味盐焗油扁桃仁35g袋,9.9,1208,,,,,
26020011,甘源缤纷杂锦豆75g袋,5,1208,,,,,
26020013,口水娃香脆兰花豆香辣味106g袋,4.5,1208,,,,,
26020063,花心子肉松味兰花豆46g,2.8,1208,,,,,
26020088,洽洽撞果仁海苔腰果仁40g袋,11.5,1208,,,,,
26030001,好想你无核即食枣60g袋,11.8,1208,,,,,
26030003,好想你50g原味枣片,6.5,1208,,,,,
26030007,红枣夹核桃200g袋,32,1208,,,,,
28020002,金大州香辣金针菇60g袋,6,1209,,,,,
28020006,风沅五香鹌鹑蛋92g袋,5.5,1209,,,,,
28020007,与美香辣藕片70g袋,3.6,1209,,,,,
28020008,与美烧烤土豆片70g袋,3.6,1209,,,,,
28020010,食在不一样香辣牛肉豆干25g,1.5,1209,,,,,
28020011,食在不一样杏鲍菇豆干25g,1.5,1209,,,,,
28020012,食在不一样小羊咩咩26g,1.5,1209,,,,,
28020013,食在不一样大牛哄哄26g,1.5,1209,,,,,
28020026,好巴食豆腐干麻辣味95g袋,5,1209,,,,,
28020029,卫龙亲嘴烧红烧牛肉味72g,3,1209,,,,,
28020030,卫龙大面筋106g,4.5,1209,,,,,
28020042,好巴食豆腐干五香味95g袋,5,1209,,,,,
28020045,湖湘贡拣蛋去吧南海盐焗味鹌鹑卤蛋50g袋,8.2,1209,,,,,
51010003,统一汤达人味增口味杯面72g,5.8,1300,,,,,
51010009,康师傅红烧牛肉干拌面125g碗,6.5,1300,,,,,
51010010,康师傅香辣牛肉干拌面128g碗,6.8,1300,,,,,
51010051,统一相拌一城重庆豌杂面125g,7.5,1300,,,,,
51010056,康师傅黑胡椒牛排面85g,5.5,1300,,,,,
51010057,康师傅白胡椒肉骨面85g,5.5,1300,,,,,
51010101,康师傅香辣牛肉面袋,3.5,1300,,,,,
51010102,统一老坛酸菜香辣味袋,3,1300,,,,,
51010103,统一小浣熊干脆面（香辣蟹）,1.5,1300,,,,,
51010104,统一小浣熊干脆面（烤肉味）,1.5,1300,,,,,
51010105,康师傅红烧牛肉面袋,3.5,1300,,,,,
51010201,农心辛拉面杯面,5.8,1300,,,,,
51010203,日清合味道海鲜面84g盒,7,1300,,,,,
51010207,统一汤达人日式豚骨拉面78g,5.8,1300,,,,,
51010208,统一汤达人酸酸辣辣豚骨拉面83g,5.8,1300,,,,,
51010210,泰国妈妈方便面-泰式冬荫浓汤虾味60g,8.8,1300,,,,,
51010211,统一汤达人海鲜拉面72g杯,5.8,1300,,,,,
51010212,康师傅红烧牛肉面桶,5.5,1300,,,,,
51010213,康师傅香辣牛肉面桶,5,1300,,,,,
51010214,康师傅小鸡炖蘑菇面桶,5,1300,,,,,
51010215,康师傅大食桶香辣牛肉面,6.5,1300,,,,,
51010216,康师傅大食桶红烧牛肉面,6.5,1300,,,,,
51010217,统一老坛酸菜香辣桶,4.5,1300,,,,,
51010220,统一汤达人日式豚骨拉面120g碗,8.5,1300,,,,,
51010221,统一汤达人酸酸辣辣豚骨面125g碗,8.5,1300,,,,,
51010222,康师傅酸辣牛肉面85g,5.5,1300,,,,,
51010228,统一汤达人罗宋汤136g碗,8.9,1300,,,,,
51010230,康师傅老坛泡椒牛肉面112g桶,4.9,1300,,,,,
51010231,康师傅老坛酸菜牛肉面130g桶,4.9,1300,,,,,
12020102,斯米诺红牌伏特加750ml,108,1401,,,,,
12020103,芬兰伏尔加375ml,69,1401,,,,,
12020104,甘露咖啡力娇酒700ml,155,1401,,,,,
12020113,芝华士12年威士忌700ml,288,1401,,,,,
12020122,蓝天伏特加750ml,88,1401,,,,,
12020126,雷米诺黑牌原味伏特加500ml,55,1401,,,,,
12020127,雷米诺蔓越莓伏特加500ml,55,1401,,,,,
12020131,百利甜力娇酒200ml瓶,49,1401,,,,,
12030004,天使鱼加本力苏维翁红葡萄酒750ml,108,1401,,,,,
12030064,博莱色海王堡750ml,129,1401,,,,,
12030097,杰卡斯莫斯卡托桃红起泡酒200ml,48,1401,,,,,
12030101,杰卡斯赤霞珠干红750ml,138,1401,,,,,
12030102,杰卡斯经典西拉加本纳干红750ml,138,1401,,,,,
12030103,杰卡斯梅洛干红750ml,138,1401,,,,,
12030111,干露红魔鬼卡本妮苏维翁红750ml,148,1401,,,,,
12030142,法国纯粹系列梅洛250ml,36,1401,,,,,
12030143,奔富bin2红葡萄酒750ml,185,1401,,,,,
12030144,拉菲传说波尔多干红750ml,168,1401,,,,,
12030147,蒙特斯经典梅洛干红葡萄酒750ml,112,1401,,,,,
12030149,蒙特斯经典赤霞珠干红葡萄酒750ml,108,1401,,,,,
12030301,里姆雪莱尔起泡葡萄酒750ml,78,1401,,,,,
12030504,富隆维特思粉红葡萄酒750ml瓶,129,1401,,,,,
11010001,青岛经典大瓶600ml瓶,6,1402,,,,,
11010003,雪花勇闯天涯500ml瓶,4.5,1402,,,,,
11010103,燕京10度清爽600ml瓶,3.5,1402,,,,,
11020001,青岛奥古特啤酒500ml听,9.9,1402,,,,,
11020003,哈尔博熊牌清爽啤酒500ml听,8.9,1402,,,,,
11020005,宝华利8.6金黄啤酒500ml,14.9,1402,,,,,
11020019,朝日清爽啤酒500ml听,6.5,1402,,,,,
11020032,青岛啤酒绿听330ml礼盒,120,1402,,,,,
11020033,哈尔滨小麦王听装500ml礼盒,48,1402,,,,,
11020034,青岛纯生啤酒500ml,8,1402,,,,,
11020043,朝日超爽啤酒500ml听,9,1402,,,,,
11020207,奥丁格黑啤500ml,11.8,1402,,,,,
11010007,德瑞亚啤酒500ml听,8.8,1402,,,,,
11010102,燕京啤酒听装11度精品500ml,4.5,1402,,,,,
11010105,哈尔滨冰纯瓶装600ml,5.6,1402,,,,,
11010201,福佳白啤酒330ml瓶,14.5,1402,,,,,
11020002,哈尔博黑熊啤酒500ml听,12.8,1402,,,,,
11020004,月王红啤500ml罐,11.9,1402,,,,,
11020015,雪花勇闯天涯听装500ml听,6.5,1402,,,,,
11020018,雪花清爽听装500ml听,5,1402,,,,,
11020025,奥丁格小麦啤酒500ml听,11.8,1402,,,,,
11020035,嘉士伯啤酒500ml,9.5,1402,,,,,
11020036,燕京鲜啤10度500ml,6.9,1402,,,,,
11020050,哈尔滨冰爽啤酒330ml听,3.5,1402,,,,,
11020101,青岛啤酒绿听330ml,5.2,1402,,,,,
11020102,哈尔滨冰纯听装500ml,6.3,1402,,,,,
11020104,百威啤酒听装500ml,9.5,1402,,,,,
11020105,哈尔滨小麦王听装500ml,5,1402,,,,,
11020106,燕京啤酒10度白听330ml,3.2,1402,,,,,
11020107,哈尔滨小麦王听啤330ml,3.7,1402,,,,,
11020203,黑森马蹄白啤500ml听装,9,1402,,,,,
12020004,锐澳青柠味朗姆鸡尾酒275ml瓶,16,1403,,,,,
12020005,锐澳水蜜桃味白兰地鸡尾酒275ml瓶,16,1403,,,,,
12020006,锐澳蓝玫瑰味威士忌鸡尾酒275ml瓶,16,1403,,,,,
12020021,杰克丹尼威士忌预调酒柠檬味330ml瓶,18,1403,,,,,
12020304,杰克丹尼可乐威士忌味配制酒,18,1403,,,,,
12020310,百加得柠檬275ml,13.5,1403,,,,,
12010025,乐天初饮初乐烧酒360ml,16.8,1404,,,,,
12010101,牛栏山36度百年陈酿三牛400ml,130,1404,,,,,
12010112,红星苏式扁平二锅头43度150ml,14.5,1404,,,,,
12010114,牛栏山百年老酒38度125ml,11.8,1404,,,,,
12010201,古越龙山三年陈酿600ml,11.8,1404,,,,,
12010202,劲酒35度125ml,11.5,1404,,,,,
12020116,真露(fresh)360ml,18,1404,,,,,
12010020,牛栏山38度陈酿125ml瓶,6.5,1404,,,,,
12010022,红星43度蓝瓶500ml,29.8,1404,,,,,
12010106,红星二锅头56度500ml,11.9,1404,,,,,
12010107,白瓶牛栏山500ml42度,14.8,1404,,,,,
12010110,红星蓝瓶八年陈酿43度250ml,15.5,1404,,,,,
12010303,牛栏山百年红10年38度500ml瓶,109,1404,,,,,
53020101,海天味极鲜酱油380ml瓶,9,1500,,,,,
53020303,太太乐鸡精200g袋,10.9,1500,,,,,
53030301,四季宝柔滑花生酱18g袋,2,1500,,,,,
53030304,陶华碧老干妈豆豉辣椒280g瓶,11.9,1500,,,,,
53040104,京糖精制绵白糖500g袋,7.9,1500,,,,,
54020201,中粮香雪饺子粉1KG袋,11.5,1500,,,,,
34100106,微波加热暖冬玩具老虎/狮子/兔子,28,1600,,,,,
36010042,风火轮火辣小跑车,18,1600,,,,,
36010056,多美卡仿真车系列#55,35,1600,,,,,
36010064,奥迪迷你变形-乐迪,25,1600,,,,,
36010068,奥迪变形机器人-乐迪,79,1600,,,,,
36010302,姚记高级扑克（塑料盒）,5,1600,,,,,
37010014,森宝猴子公仔,39,1600,,,,,
34060026,斯泰克果冻数据线安卓系列,25.9,1700,,,,,
34060203,品胜iPhone5数据充电线（1米）,50,1700,,,,,
31010005,姿多美超薄包芯丝露趾连裤袜肤色6D,22,1800,,,,,
31010006,姿多美细网收腹提臀连裤袜黑色8D,22,1800,,,,,
31010022,collocation粉色桃心短袜,12,1800,,,,,
31010038,兰惜蝶竹炭棉全棉龙抓毛踩脚裤,56,1800,,,,,
31010039,collocation粉色苹果羊毛女袜,16,1800,,,,,
31010040,collocation米色条纹羊毛女袜,16,1800,,,,,
31010070,宝娜斯15D无痕魅惑T裆加棉连裤袜浅肤色,20,1800,,,,,
31010071,宝娜斯15D无痕魅惑T裆加棉连裤袜黑色,20,1800,,,,,
31010072,宝娜斯2D零透薄T裆连裤袜中肤色,28,1800,,,,,
31010073,宝娜斯多彩透气浅口女船袜,13,1800,,,,,
31010076,宝娜斯斜纹立体防脱散连裤袜10D（肤色）,28,1800,,,,,
31010077,宝娜斯斜纹立体防脱散连裤袜10D（黑色),28,1800,,,,,
31010104,SK天鹅绒时尚连裤袜连脚,35,1800,,,,,
31010125,姿多美龙抓毛不起球一体,58,1800,,,,,
31010128,姿多美纳米雪雕特厚保暖一体裤,68,1800,,,,,
31010137,鳄鱼纯棉男袜,23.9,1800,,,,,
31010138,鳄鱼松口男袜,19.9,1800,,,,,
31010139,EPEP YLIME卡通加厚毛绒袜,25.9,1800,,,,,
31010140,EPEP YLIME羽毛纱短袜,23.9,1800,,,,,
31010146,Collocation牛仔风休闲女袜,12,1800,,,,,
31010147,Collocation刺绣小猫咪女袜,12,1800,,,,,
31010148,Collocation青春时尚宽条袜子女袜,13.5,1800,,,,,
31010202,小菱格男式兔毛袜,17.8,1800,,,,,
31010209,LEG男袜长款三双装,49,1800,,,,,
31010303,#姿多美包芯丝短袜肤色1双装,3,1800,,,,,
31010304,多彩纯色女船袜,10,1800,,,,,
31020102,男士平角短裤XL,24.9,1800,,,,,
31020201,舒适竹纤维纯色内裤,12.5,1800,,,,,
31020202,舒适蕾丝内裤,12.5,1800,,,,,
31020203,舒适生理内裤,12.5,1800,,,,,
31010003,姿多美加大包芯丝连裤袜肤色10D,22,1800,,,,,
31010009,隐形船袜,10,1800,,,,,
31010015,竹纤维纯色隐形船袜,10,1800,,,,,
31010302,姿多美包芯丝短袜黑色1双装,3,1800,,,,,
32010203,3M耳带式带阀专业防护口罩3只装,26.5,1901,,,,,
32010211,爱丽思立体防霾口罩儿童型,9.8,1901,,,,,
32010303,邦迪肤色轻巧创可贴8片,3.5,1901,,,,,
32040003,佳洁士盐白牙膏清凉薄荷香型90克,4.5,1901,,,,,
32040004,佳洁士五彩水晶牙刷软毛,3.5,1901,,,,,
32040005,皓乐齿亮白净色牙膏玫瑰果香味,29.9,1901,,,,,
32040006,皓乐齿亮白净色牙膏天然薄荷味,29.9,1901,,,,,
32040025,高露洁360金参护龈牙膏90g,10.5,1901,,,,,
32040033,黑人碳丝旋洁二支特惠装,17.9,1901,,,,,
32040101,黑人超白牙膏90g,9.8,1901,,,,,
32040102,佳洁士健康专家全优7效牙膏托盘装,19,1901,,,,,
32040302,固特齿盒装牙线棒20支,6,1901,,,,,
32050102,海飞丝去屑洗发露丝质柔滑型200ml,33.5,1901,,,,,
32050105,沙宣修护水养洗发露200ml,37.5,1901,,,,,
32050201,潘婷乳液修复润发精华素200ml,24.5,1901,,,,,
32050205,沙宣修护水养润发乳200ml,35.9,1901,,,,,
32060102,舒肤佳纯白清香型香皂115g,5.8,1901,,,,,
32060201,舒肤佳纯白清香沐浴露200ml,16.5,1901,,,,,
32060304,舒肤佳抑菌洗手液纯白清香型250ml,15,1901,,,,,
34010007,雷达片无香+无线器,24.8,1901,,,,,
34010008,雷达电热蚊香液无线器+40晚无香超值装,21.5,1901,,,,,
34010009,雷达液水无香30+10,13.5,1901,,,,,
34010210,六神驱蚊花露水80ml,13.8,1901,,,,,
34020001,汰渍洁净自然香洗衣液500g,10.8,1901,,,,,
34020002,汰渍洁净自然香洗衣粉508g,8.8,1901,,,,,
34020003,汰渍洁净自然香洗衣皂202g,5,1901,,,,,
34020017,宜洁一次性鞋套40只装,6.5,1901,,,,,
34020042,奥妙净蓝洗衣液900g,9.9,1901,,,,,
34020202,金鱼洗涤灵500ml,4,1901,,,,,
35020001,曼秀雷敦微米劲炭洁面乳100g,39.9,1901,,,,,
35020005,曼秀雷敦保湿活力洁面乳 150ml,43.9,1901,,,,,
35020202,欧莱雅男士劲能醒肤露50ml,105,1901,,,,,
35030001,丽得姿强化补水修复面膜,18,1901,,,,,
35030013,薇婷脱毛膏(温和护肤型）25g,29.9,1901,,,,,
35030064,魔盒冰川雪水纯净膜,9.9,1901,,,,,
35030212,大宝SOD蜜100ml,12.8,1901,,,,,
35030214,韩国自然乐园芦荟胶300ml,50,1901,,,,,
35030227,pepera雪梨清透润泽护手霜,23.9,1901,,,,,
35030601,SEXYLOOK极美肌深层修复纯棉黑面膜,13.8,1901,,,,,
35030608,森田润泽保湿面膜,9.8,1901,,,,,
35030609,森田蜗牛滑嫩面膜,9.8,1901,,,,,
35040143,elite基础款发圈5629,12,1901,,,,,
98002064,海飞丝去屑洗发露,29,1901,,,,,
33010001,护舒宝超值绵柔贴身日用5片装,4,1902,,,,,
33010002,护舒宝超值绵柔贴身夜用5片装,4.5,1902,,,,,
33010017,高洁丝绵柔纤巧夜用卫生巾350mm,11.5,1902,,,,,
33010025,花王零触感瞬吸超薄日用卫生巾25cm,40,1902,,,,,
33010101,ABC日用卫生巾纤薄棉柔8片,11.5,1902,,,,,
33010104,苏菲弹力贴身棉质纤巧日用洁翼新10片,10,1902,,,,,
33010108,ABC日用超级薄绵柔排湿网面卫生巾8片,11.5,1902,,,,,
33010201,ABC夜用卫生巾纤薄棉柔8片,13.9,1902,,,,,
33010202,苏菲立体护围超熟睡棉柔420夜用4片,10.8,1902,,,,,
33010203,苏菲超薄随心翻350棉柔夜用4片装,8.5,1902,,,,,
33010205,苏菲超薄随心翻290棉柔夜用4片装,7,1902,,,,,
33010206,苏菲超薄随心翻410棉柔夜用4片装,10.5,1902,,,,,
33010207,护舒宝甜睡绵柔400超长夜用卫生巾3片,9,1902,,,,,
33010301,ABC护垫超吸棉柔22片,11,1902,,,,,
33010305,护舒宝超净棉花型透气淡香护垫18片,7.9,1902,,,,,
32030003,冈本0.03白金超薄避孕套3片装,49,1903,,,,,
32030006,冈本0.03白金超薄避孕套6片装,85.8,1903,,,,,
32030007,冈本0.03黄金贴身超薄避孕套2片装,35,1903,,,,,
32030011,杰士邦零感极薄避孕套3只装,22,1903,,,,,
32030012,杰士邦零感极薄极润避孕套12只装,85,1903,,,,,
32030024,杰士邦超薄中的超薄12只装,69,1903,,,,,
32030025,杰士邦超薄中的超薄超润3只装,21,1903,,,,,
32030027,杜蕾斯大胆爱3只装,14,1903,,,,,
32030029,杰士邦3D大颗粒8片装,43.9,1903,,,,,
32030030,杰士邦3D大颗粒3片装,19.9,1903,,,,,
32030101,杜蕾斯Love10只装,28.5,1903,,,,,
32030102,杜蕾斯活力装3只装,16.5,1903,,,,,
32030103,杜蕾斯超薄装3只装,20.5,1903,,,,,
32030104,杜蕾斯活力装12只装,45.5,1903,,,,,
32030107,杜蕾斯激情3只装,17,1903,,,,,
32030108,杜蕾斯人体润滑液快感装,53.8,1903,,,,,
32030111,杰士邦优质超薄3只装,15.5,1903,,,,,
32030113,杰士邦优质超薄12只装,46,1903,,,,,
33020003,舒洁超厚倍柔香氛湿巾10片装,5,1904,,,,,
33020004,舒洁超厚倍柔无香湿巾10片装,5,1904,,,,,
33020007,维达天然洁肤卫生湿巾10片装,4.8,1904,,,,,
33020008,维达超韧软抽130抽,4.5,1904,,,,,
33020027,洁柔蓝面子卫生纸单卷,3.5,1904,,,,,
33020036,清风原木纯品卷纸240段,3.5,1904,,,,,
33020037,清风原木180克卷纸,4.5,1904,,,,,
33020038,心相印纸面巾200软抽,7,1904,,,,,
33020039,心相印婴儿专用纸面巾120软抽,6,1904,,,,,
33020040,维达蓝色经典迷你手帕纸4层,1.5,1904,,,,,
33020052,维达超韧软抽150抽,4.5,1904,,,,,
33020103,洁柔Face古龙水香味迷你手帕纸2包,2.5,1904,,,,,
33020201,心相印独立装卫生湿巾10片,5,1904,,,,,
33020302,洁柔Face古龙水香味抽取式纸巾150抽,6.8,1904,,,,,
33020303,洁柔布艺抽取式纸巾180抽,3.8,1904,,,,,
33020401,洁柔face卫生卷纸单卷,4,1904,,,,,
33020402,洁柔布艺圆点卫生纸单卷,3.5,1904,,,,,
34050102,丰蓝大号一粒挂卡装,5.5,1905,,,,,
34050103,南孚碱性电池5号4粒,12,1905,,,,,
34050104,南孚碱性电池5号6粒,15.5,1905,,,,,
34050105,南孚碱性电池5号2粒,5.5,1905,,,,,
34050106,南孚碱性电池7号2粒,5.9,1905,,,,,
34050107,南孚碱性电池7号4粒,12,1905,,,,,
34070101,贵族防风打火机,4.5,1905,,,,,
34070104,贵族电子引火打火机,2,1905,,,,,
34100125,春节红包,6,1905,,,,,
36020024,晨光钻石头中性笔,4.5,1905,,,,,
36020029,晨光翻糖物语全针管中性笔,4.5,1905,,,,,
36020032,晨光活动铅笔,4.5,1905,,,,,
36020033,晨光针管中性笔,4.5,1905,,,,,
36020302,得力剪刀,5.6,1905,,,,,
36020303,永威胶带,4.5,1905,,,,,
36020304,北极熊超透明胶带,4.5,1905,,,,,
